comment_id,comment_url,comment_text,comment_time
6726569154080007,https://facebook.com/6726569154080007,Má»i ngÆ°á»i cho em há»i lÃ­ do gÃ¬ mÃ  mn vote khu vá»±c HÃ³c MÃ´n váº­y áº¡? Mong Ä‘Æ°á»£c nghe chia sáº» cá»§a Anh/Chá»‹,2022-02-05 06:41:52
6728131967257059,https://facebook.com/6728131967257059,Háº­u mÃ´n ( háº­u nghÄ©a hÃ³c mÃ´n ),2022-02-05 06:41:54
6726647997405456,https://facebook.com/6726647997405456,"KhÃºc Cá»§ Chi HÃ³c MÃ´n nÃªn gá»i táº¯t lÃ  Cá»§ MÃ´n, TP. Thá»§ Äá»©c giÃ¡ áº£o tung cháº£o nhÆ° bÃªn khu Thá»§ ThiÃªm nÃªn k thá»ƒ ra hÃ ng Ä‘Æ°á»£c Ä‘Ã¢u",2022-02-05 06:41:54
6751949794875276,https://facebook.com/6751949794875276,nÄƒm 2022 sáº½ lÃ  cá»§a BÃ¬nh ChÃ¡nh nhÃ©,2022-02-12 06:41:54
6741215869282002,https://facebook.com/6741215869282002,thá»§ Ä‘á»©c mÃ£i Ä‘á»‰nh. ğŸ˜ğŸ˜,2022-02-12 06:41:55
6729751197095136,https://facebook.com/6729751197095136,Äáº§u tÆ° Ven ÄÃ´ HCM má»›i x2 x3 x5 Ä‘c báº¡n Æ¡i.,2022-02-05 06:41:56
6726277930775796,https://facebook.com/6726277930775796,Äáº§u tÆ° vÃ o thuáº¿ vÃ  bank .,2022-02-05 06:41:56
6727245584012364,https://facebook.com/6727245584012364,Ks new world cÃ³ nhiÃªu mua hÃªttttt,2022-02-05 06:41:57
6727092927360963,https://facebook.com/6727092927360963,m,2022-02-05 06:41:57
6726393507430905,https://facebook.com/6726393507430905,Hoai Anh Trinh,2022-02-05 06:41:57
6726680877402168,https://facebook.com/6726680877402168,.,2022-02-05 06:41:57
6727403853996537,https://facebook.com/6727403853996537,.,2022-02-05 06:41:57
6726302754106647,https://facebook.com/6726302754106647,NÄƒm nay lÃ²i lá»,2022-02-05 06:41:57
6726275644109358,https://facebook.com/6726275644109358,Cáº§n giá»,2022-02-05 06:42:01
6726231537447102,https://facebook.com/6726231537447102,"NhÃ  BÃ¨
NhÆ°ng Ä‘á»«ng Ä‘áº§u tÆ° SG ná»¯a, nhÆ°ng tá»‰nh lÃ¢n cáº­n Ä‘áº§u tÆ° vÃ i thÃ¡ng lá»i x2",2022-02-05 06:42:01
6726359440767645,https://facebook.com/6726359440767645,Ngá»c Nguyá»…n Ä‘áº§u cÆ¡ğŸ˜‚,2022-02-05 06:42:02
6825862897483965,https://facebook.com/6825862897483965,"NÃ³ng, bÃ¡n vÃªnh! Tranh nhau mua!",2022-02-25 10:42:10
6826289060774682,https://facebook.com/6826289060774682,EURO Capital sÃ n tÃªn Ä‘áº¹p váº­y hihi,2022-02-25 12:42:10
6826361434100778,https://facebook.com/6826361434100778,HÃ³ng,2022-02-25 12:42:13
6825892877480967,https://facebook.com/6825892877480967,HÃ³ng,2022-02-25 10:42:14
6825875910815997,https://facebook.com/6825875910815997,HÃ³ng,2022-02-25 10:42:14
6826280154108906,https://facebook.com/6826280154108906,CÃ¡c bÃ¡c Khang Äiá»n The Classia sáº½ ra sao khi nghe tin nÃ y nhá»‰!,2022-02-25 12:42:16
6826520520751536,https://facebook.com/6826520520751536,LÃª XuÃ¢n Quyá»n nghe Ä‘á»ƒ Ä‘Ã³ğŸ˜,2022-02-25 13:42:17
6826668850736703,https://facebook.com/6826668850736703,Hiá»ƒn Vinh Huá»³nh xÃ¢y xong tÃ­nh tiáº¿p háº£ A,2022-02-25 14:42:17
6828456670557921,https://facebook.com/6828456670557921,"Táº§m giÃ¡ nÃ y sao ko qua Thá»§ ThiÃªm mua nhÃ  cÃ³ sáºµn hay APAK, Tháº£o Äiá»n, Q1, Q3, Q10...ğŸ¤”",2022-02-25 22:42:17
6827287940674794,https://facebook.com/6827287940674794,Nhá» cÃ¡c chiÃªn gia Ä‘á»‹nh giÃ¡ giÃºp em KDC Gia HoÃ  sáº½ lÃªn bao nhiÃªu 1 m2 khi dá»± Ã¡n nÃ y xong váº­y?,2022-02-25 17:42:17
6828281720575416,https://facebook.com/6828281720575416,"Há»¯u Nghá»‹ tÄƒng nhÆ°ng tÄƒng k máº¡nh láº¯m anh nhÃ©. Chá»§ yáº¿u khu Nam long, vÃ  trá»¥c liÃªn phÆ°Æ¡ng giÃ¡ tÄƒng chÃ³ng máº·t. VÃ  1 sá»‘ tÃ¬m k cÃ³. VÃ  chá»§ ngÆ°ng bÃ¡n.",2022-02-25 21:42:18
6826674174069504,https://facebook.com/6826674174069504,"GiÃ¡ Ä‘áº¥t khu káº¿ bÃªn láº¡i bá»‹ Ä‘á»™ng Ä‘áº¥t rá»“i, bÃªn nÃ y Ä‘Æ°á»ng chÆ°a tá»›i 100, bÃªn kia con Ä‘Æ°á»ng 400 ğŸ˜†",2022-02-25 14:42:19
6825891800814408,https://facebook.com/6825891800814408,Äá»£t nÃ y bÃ¡n bao nhiÃªu cÄƒn váº­y anh? Táº­n 15 sÃ n ğŸ’ªğŸ™ƒ,2022-02-25 10:42:20
6825939277476327,https://facebook.com/6825939277476327,Thá»© tá»± nÃ y lÃ  sao nhá»‰,2022-02-25 10:42:23
6826067724130149,https://facebook.com/6826067724130149,HÃ³ng,2022-02-25 11:42:26
6825959314140990,https://facebook.com/6825959314140990,HÃ³ng,2022-02-25 10:42:26
6825900587480196,https://facebook.com/6825900587480196,HÃ³ng,2022-02-25 10:42:26
6826049710798617,https://facebook.com/6826049710798617,Huyá»n Phan cháº¥m cháº¥m cháº¥m ğŸ˜„ğŸ˜„ğŸ˜„,2022-02-25 11:42:27
6826488484088073,https://facebook.com/6826488484088073,Tran Thi Thanh Nguyen,2022-02-25 13:42:27
6826094534127468,https://facebook.com/6826094534127468,.,2022-02-25 11:42:27
6826935050710083,https://facebook.com/6826935050710083,.,2022-02-25 15:42:28
6826418430761745,https://facebook.com/6826418430761745,.,2022-02-25 13:42:28
6826324074104514,https://facebook.com/6826324074104514,.,2022-02-25 12:42:28
6825863174150604,https://facebook.com/6825863174150604,hi vá»ng dc 350tr.,2022-02-25 10:42:28
6826405287429726,https://facebook.com/6826405287429726,Vu Phong Idol,2022-02-25 13:42:28
6826075627462692,https://facebook.com/6826075627462692,.,2022-02-25 11:42:29
6826958514041070,https://facebook.com/6826958514041070,Mai Tracey,2022-02-25 15:42:29
6826581544078767,https://facebook.com/6826581544078767,Quá»‘c HÆ°ng,2022-02-25 13:42:29
6826686134068308,https://facebook.com/6826686134068308,.,2022-02-25 14:42:29
6829971443739777,https://facebook.com/6829971443739777,Hiá»‡p QuÃ½ ÄoÃ n,2022-02-26 06:13:30
6828389607231294,https://facebook.com/6828389607231294,.,2022-02-25 22:42:30
6826682520735336,https://facebook.com/6826682520735336,.,2022-02-25 14:42:30
6826324684104453,https://facebook.com/6826324684104453,.,2022-02-25 12:42:30
6827315487338706,https://facebook.com/6827315487338706,.,2022-02-25 17:42:30
6826719054065016,https://facebook.com/6826719054065016,.,2022-02-25 14:42:30
6825973190806269,https://facebook.com/6825973190806269,.,2022-02-25 10:42:30
6826559597414295,https://facebook.com/6826559597414295,.,2022-02-25 13:42:30
6826302144106707,https://facebook.com/6826302144106707,.,2022-02-25 12:42:30
6827485983988323,https://facebook.com/6827485983988323,.,2022-02-25 18:42:30
6826369287433326,https://facebook.com/6826369287433326,.,2022-02-25 12:42:30
6826336774103244,https://facebook.com/6826336774103244,.,2022-02-25 12:42:30
6826251610778427,https://facebook.com/6826251610778427,.,2022-02-25 12:42:30
6825927770810811,https://facebook.com/6825927770810811,.,2022-02-25 10:42:30
6826670377403217,https://facebook.com/6826670377403217,.,2022-02-25 14:42:30
6825862317484023,https://facebook.com/6825862317484023,.,2022-02-25 10:42:30
6825957867474468,https://facebook.com/6825957867474468,.,2022-02-25 10:42:30
6825937684143153,https://facebook.com/6825937684143153,.,2022-02-25 10:42:30
6825915950811993,https://facebook.com/6825915950811993,.,2022-02-25 10:42:31
6825883057481949,https://facebook.com/6825883057481949,.,2022-02-25 10:42:31
6826087554128166,https://facebook.com/6826087554128166,.,2022-02-25 11:42:31
6826935287376726,https://facebook.com/6826935287376726,.,2022-02-25 15:42:31
6826119204125001,https://facebook.com/6826119204125001,.,2022-02-25 11:42:31
6827183154018606,https://facebook.com/6827183154018606,Nguyá»…n Trung Hiáº¿u,2022-02-25 17:42:31
6827052867364968,https://facebook.com/6827052867364968,ÄÃ³ lÃ  chÆ°a ká»ƒ chÃªnh cá»§a Ä‘áº¡i lÃ½ nha,2022-02-25 16:42:31
6825950970808491,https://facebook.com/6825950970808491,Loc Nguyen Thuá»· Linh,2022-02-25 10:42:31
6828965457173709,https://facebook.com/6828965457173709,Ã´Ìp con lÃ´ cho nhanh,2022-02-26 01:42:36
6830030630400525,https://facebook.com/6830030630400525,BÃ¬nh VÅ© cao nhÃ¢n cho xin sá»‘ Ä‘á»ƒ nay táº¥t tay luÃ´n ğŸ¤£,2022-02-26 06:35:37
6825721537498101,https://facebook.com/6825721537498101,"BÃªn mÃ¬nh cÃ³ cÄƒn há»™ westgate máº·t tiá»n Nguyen van linh, Ä‘á»‘i diá»‡n UBND BÃ¬nh ChÃ¡nh.
Thiáº¿t káº¿ Ä‘áº¹p, vá»‹ trÃ­ tá»‘t. Mua Ä‘á»ƒ á»Ÿ hoáº·c Ä‘áº§u tÆ° Ä‘á»u ok
Chá»‰ tráº£ trÆ°á»›c tá»‘i Ä‘a 699tr cho Ä‘áº¿n khi nháº­n nhÃ  (dá»± kiáº¿n quÃ½ 4 2023)
LiÃªn há»‡ mÃ¬nh nhÃ© 0369274757",2022-02-25 09:42:40
6823758697694385,https://facebook.com/6823758697694385,LÃªn Báº£o Lá»™c lÃ m 1 lÃ´ Ä‘Ã³n cao tá»‘c. 1tá»·/lÃ´ sá»• sang tÃªn,
6824710730932515,https://facebook.com/6824710730932515,"ğŸ‡ğŸ‡ChÃ­nh chá»§ bÃ¡n gáº¥p cÄƒn 3 PN tÃ²a THE LEGACY
-Äá»‹a chá»‰: 6 LÃª VÄƒn ThiÃªm, NhÃ¢n ChÃ­nh, Thanh XuÃ¢n, HÃ  Ná»™i
-Bao gá»“m: 3PN - 2WC
-Diá»‡n tÃ­ch: 126mÂ²
-GiÃ¡: 5,x
- HÆ°á»›ng MÃ¡t , View ThoÃ¡ng, Full ná»™i tháº¥t , Chá»§ má»›i chá»‰ cáº§n xÃ¡ch Vali qua nháº­p tráº¡ch.
_______________
_______________
______________
ğŸ¤KhÃ¡ch Mua & MÃ´i Giá»›i lh sdt : 0869642330",
6823508217719433,https://facebook.com/6823508217719433,MÃºn tÃ¬m hiá»ƒu,
6828755983861323,https://facebook.com/6828755983861323,BÃ i há»¯u Ã­ch quÃ¡ a,2022-02-26 00:43:10
6830001953736726,https://facebook.com/6830001953736726,Sá»‘ lÆ°á»£ng bÃ£o Ã­t hÆ¡n thá»±c táº¿.,2022-02-26 06:25:10
6829433893793532,https://facebook.com/6829433893793532,PhÃº quá»‘c,2022-02-26 03:43:11
6799136446823277,https://facebook.com/6799136446823277,Pháº¿t,
6799914956745426,https://facebook.com/6799914956745426,MT Eastmark City ngon rá»“i,
6815323041871284,https://facebook.com/6815323041871284,Pháº¡m ThÆ°á»ng sao ngon áº¡,
6806240616112860,https://facebook.com/6806240616112860,"Äáº¥t ná»n cÃ³ sáºµn sá»• khu Nam SÃ i GÃ²n giÃ¡ chá»‰ tá»« 21 triá»‡u/m2
- Vá»‹ trÃ­ tiáº¿p giÃ¡p KCN Long Háº­u- khu dÃ¢n cÆ° hiá»‡n há»¯u
- PhÃ¡p lÃ½ hoÃ n chá»‰nh 1/500 sá»• riÃªng tá»«ng ná»n
- Háº¡ táº§ng hoÃ n thiá»‡n ğŸ’¯%
- ÄÆ°á»ng nhá»±a 15m,17m, 20m, 30m, 40m
ğŸ“˜ Thanh toÃ¡n linh hoáº¡t trong 12 thÃ¡ng
ğŸ“˜ ÄÆ°á»£c ngÃ¢n hÃ ng há»— trá»£ 70% giÃ¡ trá»‹ sáº£n pháº©m
â˜ LiÃªn há»‡ ngay 0907488018",
6809747745762147,https://facebook.com/6809747745762147,"Cuá»‘i thÃ¡ng 2 má»›i ná»™p há»“ sÆ¡, cuá»‘i thÃ¡ng 3 triá»ƒn khai luÃ´n. BÃ³ tay vá»›i Thá»›t!",
6799780323425556,https://facebook.com/6799780323425556,"Tiá»n Ä‘Ã¢u mÃ  lÃ m, vá»‘n ODA hay WB hay IMF...? Vay Æ°? ChÃ­nh phá»§ vay rá»“i giáº£i ngÃ¢n Ä‘áº§u tÆ° cÃ´ng cho Äá»“ng Nai? Chua hÆ¡n giáº¥m. LÃ m cÃ²n chÆ°a tháº¥y Ä‘Ã¢u chá»© á»Ÿ Ä‘Ã³ toÃ n nghe nÃ³i...",
6799550983448490,https://facebook.com/6799550983448490,"- KhÃ´ng biáº¿t VÃ nh Ä‘ai 3 bÃªn phÃ­a Q9 Ä‘Ã£ cÃ³ Ä‘á»™ng tÄ©nh gÃ¬ vá» Ä‘á»n bÃ¹ hay thá»i gian lÃ m Ä‘Æ°á»ng chÆ°a nhá»‰?
- VÃ nh Ä‘ai 3 Q9 chÆ°a lÃ m váº­y cáº§u NhÆ¡n Tráº¡ch lÃ m xong thÃ¬ sáº½ Ä‘i Ä‘Ã¢u?
- Cháº¯c Ä‘á»©ng trÃªn cáº§u hÃ³ng mÃ¡t?",
6799323253471263,https://facebook.com/6799323253471263,2042 khá»Ÿi cÃ´ng nha,
6799118236825098,https://facebook.com/6799118236825098,Láº¡i Ä‘Æ°á»£c bÆ¡m cáº§u vÃ  vÃ nh Ä‘ai 3 ná»¯a rá»“i.,
6799762330094022,https://facebook.com/6799762330094022,giá» ko xÃ¢y cáº§u Ä‘áº¥t cÅ©ng chÃ³t vÃ³t r,
6805099582893630,https://facebook.com/6805099582893630,"ğŸ¦ Tpbank cho vay chÆ°Æ¡ng trÃ¬nh Æ°u Ä‘Ã£i lÃ£i suáº¥t Ä‘áº§u nÄƒm:
VÃ­ dá»¥: báº¡n vay 1 Tá»¶ báº¡n chá»‰ cáº­n thanh toÃ¡n lÃ£i vÃ  gá»‘c lÃ  9 triá»‡u/ thÃ¡ng.
ğŸ‘‰ LÃ£i suáº¥t Æ°u Ä‘Ã£i 7,9% cá»‘ Ä‘á»‹nh
ğŸ‘‰ Cho vay tá»›i 70%
ğŸ‘‰ Thá»i háº¡n lÃªn Ä‘áº¿n 30 nÄƒm
ğŸ‘‰ Miá»…n phÃ­ tráº£ trÆ°á»›c.
â˜ï¸ALO ngay BaoTPbank: 0764284541 (zalo)
ğŸ¤ Ráº¤T mong Ä‘Æ°á»£c lÃ m viá»‡c vá»›i anh chá»‹ em tÆ° váº¥n báº¥t Ä‘á»™ng sáº£n khu vá»±c Saigon!",
6799109163492672,https://facebook.com/6799109163492672,LÃªn luÃ´n.kkk,
6801508523252736,https://facebook.com/6801508523252736,Má»—i nÄƒm pháº£i táº¿ cÃ¢y cáº§u lÃªn sÃ³ng 1 láº§n ms chá»‹u há»Ÿ máº¥y cha ğŸ˜‚ğŸ˜‚,
6799091653494423,https://facebook.com/6799091653494423,HÃ³ng,
6799526760117579,https://facebook.com/6799526760117579,...,
6828465537223701,https://facebook.com/6828465537223701,"https://
m.thanhnien.vn/
khai-thac-quy-da
t-doc-2-ben-duo
ng-vanh-dai-3-p
ost1433015.html
?utm_source=zal
o&utm_medium=za
lo&utm_campaign
=zalo&zarsrc=10",2022-02-25 22:43:35
6829982250405363,https://facebook.com/6829982250405363,ÄÃ¬nh Nguyá»…n VÃ nh Ä‘ai 2 Ä‘ang bá» hoang 3 nÄƒm nay rá»“i Anh,2022-02-26 06:17:36
6807706632632925,https://facebook.com/6807706632632925,.,
6798969006840021,https://facebook.com/6798969006840021,.,
6798959110174344,https://facebook.com/6798959110174344,.,
6799427310127524,https://facebook.com/6799427310127524,.,
6799206900149565,https://facebook.com/6799206900149565,...,
6799079100162345,https://facebook.com/6799079100162345,.,
6799111983492390,https://facebook.com/6799111983492390,.,
6799072763496312,https://facebook.com/6799072763496312,.,
6799474226789499,https://facebook.com/6799474226789499,Duy Äá»©c,
6799195726817349,https://facebook.com/6799195726817349,ğŸ¤£ğŸ¤£ğŸ¤£,
6799197366817185,https://facebook.com/6799197366817185,.,
6799196720150583,https://facebook.com/6799196720150583,.,
6799823176754604,https://facebook.com/6799823176754604,Cháº¥m cáº£m,
6799100850160170,https://facebook.com/6799100850160170,Cháº¥m pháº©y pháº©y cháº¥m pháº©y pháº©y cháº¥m,
6799262083477380,https://facebook.com/6799262083477380,Cháº¥m mÃºt,
6827416620661926,https://facebook.com/6827416620661926,ae chÃº Ã½ khÃ´ng spam nhÃ©.,2022-02-25 18:43:50
6827339160669672,https://facebook.com/6827339160669672,"Diá»‡n tÃ­ch 6x18, 6.5x18, 7.5x18",2022-02-25 17:43:50
6829969653739956,https://facebook.com/6829969653739956,Chi tiáº¿t vá» váº­n hÃ nh BIZHOUSE lá»£i nhuáº­n cho khÃ¡ch Ä‘áº§u tÆ° thÃ¬ inbox em nhÃ© â¤ï¸!,2022-02-26 06:12:52
6828120260591562,https://facebook.com/6828120260591562,mÃ´ hÃ¬nh Bizhouse táº¡i phÃ¢n khu Canal District dá»± sáº½ chÃ¡y ğŸ”¥,2022-02-25 21:43:52
6827409447329310,https://facebook.com/6827409447329310,GiÃ¡ ráº» nháº¥t nÄƒm â¤ï¸â¤ï¸ğŸ’•ğŸ˜ƒğŸ’•ğŸ’•ğŸ’• Ac cáº§n thÃªm thÃ´ng tin ib em nhÃ©,2022-02-25 18:43:52
6827539733982948,https://facebook.com/6827539733982948,Hic sale giá» lÃªn táº§m cao má»›i,2022-02-25 18:43:52
6827333730670215,https://facebook.com/6827333730670215,Äá»£t Ä‘áº§u khÃ´ng dá»©t hÆ¡i phÃ­ ğŸ˜,2022-02-25 17:43:52
6827334360670152,https://facebook.com/6827334360670152,ChÃ¡y hÃ ng nhÃ©,2022-02-25 17:43:52
6828918487178406,https://facebook.com/6828918487178406,15 tá»· Ä‘Ã¡ng Ä‘á»“ng tiá»n bÃ¡t gáº¡oâ€¦cÃ³ nhá»¯ng phÃ¢n khu ko pháº£i cÃ³ tiá»n lÃ  mua Ä‘Æ°á»£c ğŸ¥°â€¦ muá»‘n mua Ä‘Æ°á»£c thÃ¬ liÃªn há»‡ em ahihi,2022-02-26 00:43:52
6827344097335845,https://facebook.com/6827344097335845,Tráº§n TrÆ°á»ng Giang,2022-02-25 17:43:52
6828864640517124,https://facebook.com/6828864640517124,Thanh Nguyá»‡n,2022-02-26 00:43:52
6827476283989293,https://facebook.com/6827476283989293,.,2022-02-25 18:43:52
6828184240585164,https://facebook.com/6828184240585164,"Má»™t dá»± Ã¡n quÃ¡ tá»‘t Ä‘á»ƒ Ä‘áº§u tÆ°, Anh Chá»‹ nÃ o Ä‘ang quan tÃ¢m sáº£n pháº©m vui lÃ²ng liÃªn há»‡ em Ä‘á»ƒ nháº­n tÆ° váº¥n vÃ  há»— trá»£ háº¿t mÃ¬nh áº¡â€¦",2022-02-25 21:43:53
6829211857149069,https://facebook.com/6829211857149069,"Anh khÃ´ng biáº¿t Ä‘Ã³ thÃ´i, em Ä‘anh bÃ¡n dá»± Ã¡n Ä‘á»£t Ä‘áº§u táº¡i Tp. Thá»§ Äá»©c ngay sÃ¡t VÃ nh Äai 3. Officetel ráº» sáº­p sÃ n Ä‘Ã¢y áº¡.
Ai quan tÃ¢m inbox em nhÃ© ğŸ˜",2022-02-26 02:43:58
6829875977082657,https://facebook.com/6829875977082657,Hiá»‡p QuÃ½ ÄoÃ n,2022-02-26 05:43:59
6828709277199327,https://facebook.com/6828709277199327,lakeview city 7*20 55ty má»›i dk ná»­a cÄƒn thÃ´i a,2022-02-25 23:44:03
6828586093878312,https://facebook.com/6828586093878312,Ãºi mÃ¬nh Ä‘á»ƒ nháº§m vá»‹ trÃ­ Lakeview City sang vá»‹ trÃ­ Palm City rá»“i ğŸ¥´,2022-02-25 23:44:03
6828659537204301,https://facebook.com/6828659537204301,Picity cÅ©ng Ä‘ang má»Ÿ bÃ¡n shophouse khá»‘i Ä‘áº¿ vá»›i giÃ¡ chá»‰ 6.4ty - 20ty/ cÄƒn,2022-02-25 23:44:03
6828646787205576,https://facebook.com/6828646787205576,75 cÄƒn sÃ¡ng nay cÃ³ pháº£i shophouse Ä‘Ã¢u.,2022-02-25 23:44:04
6828744277195827,https://facebook.com/6828744277195827,"Thiáº¿u Shop VHGP rá»“i.
Shop Origami 205tr/m2",2022-02-25 23:44:04
6829219927148262,https://facebook.com/6829219927148262,"ThÃ´i Ä‘á»«ng á»Ÿ trong nhÃ  trÃ´ng gÃ  hÃ ng xÃ³m bÃ¡c Æ¡i.

Náº¿u anh thá»±c quan tÃ¢m vÃ  muá»‘n nghe phÃ¢n tÃ­ch, khuyÃªn anh nÃªn tÃ¬m nhá»¯ng chuyÃªn gia Ä‘áº§u ngÃ nh áº¡. Hotline HOSE cÃ³ Ä‘áº¥y thÃ´i, chÃºc anh tÃ¬m Ä‘Æ°á»£c Ä‘Ã¡p Ã¡n mong muá»‘n (náº¿u cÃ³)",2022-02-26 02:44:11
6828989017171353,https://facebook.com/6828989017171353,chuyÃªn gia cho em biáº¿t khu nÃ o giáº£m chá»— nÃ o giáº£m em cá»‘p tiá»n mua cÃ¡i :)))) chá»© nÃ³i nhÆ° bÃ¡c nghe ráº¥t lÃ  nhÃ­ nhá»‘ =))),2022-02-26 01:44:17
6829014700502118,https://facebook.com/6829014700502118,"Äá»— Quang Huy Ä‘ang cÃ³ cáº£ má»› cáº§n bÃ¡n ráº» Ä‘Ã¢y, chÃ¡n máº¥y thanh niÃªn máº·c vest láº¯m rá»“i.",2022-02-26 01:44:18
6822792921124296,https://facebook.com/6822792921124296,"â€œCon sá»‘â€ cá»© tÄƒng lÃªn lÃ  Ä‘Æ°á»£c áº¡ ğŸ¤£ Láº¡m phÃ¡t thÃ¬ tÄƒng nhanh hÆ¡n chá»© nhá»‰ ?! ğŸ˜
NhÆ°ng Ä‘á»«ng giao dá»‹ch báº±ng vÃ ng nha, nhÃ  nÆ°á»›c khÃ³ Ä‘Ã¡nh thuáº¿ ğŸ˜œ",
6823804747689780,https://facebook.com/6823804747689780,LÃª TrÃ¬nh Tháº¿ má»›i Ä‘á»ƒu chá»© lá»‹,
6822689707801284,https://facebook.com/6822689707801284,Nga nÃ³ quÃ¡nh Ukraina thÃ¬ liÃªn quan gÃ¬ Ä‘áº¿n giÃ¡ Ä‘áº¥t VN nhá»‰ ???,
6826579100745678,https://facebook.com/6826579100745678,Láº¡m phÃ¡t thÃ¬ Ä‘áº¥t tÄƒng hay giáº£m váº­y báº¡n,2022-02-25 13:44:56
6826642497406005,https://facebook.com/6826642497406005,Nguyá»…n Thá»‹ NguyÃªn E vá» há»i máº¥y Ä‘á»©a tráº» há»c háº¿t cáº¥p 3 nÃ³ cÅ©ng biáº¿t Ä‘áº¥y e. Há»i xong quay láº¡i Ä‘Ã¢y rá»“i a chá»‰ tiáº¿p,2022-02-25 14:44:57
6826645517405703,https://facebook.com/6826645517405703,Thanh Trinh hihi,2022-02-25 14:44:57
6826647730738815,https://facebook.com/6826647730738815,Thanh Trinh vÃ¬ mÃ¬nh chÆ°a.há»c cáº¥p 3 nÃªn má»›i há»i.,2022-02-25 14:44:57
6826650880738500,https://facebook.com/6826650880738500,ThÃ¬ a chá»‰ cho e vá» há»i máº¥y Ä‘á»©a há»c cáº¥p 3 xong nÃ³ chá»‰ cho rá»“i quay láº¡i Ä‘Ã¢y,2022-02-25 14:44:57
6822721557798099,https://facebook.com/6822721557798099,ÄÃ¡nh nhau Ã¬ Ä‘Ã¹n mÃ  chá»‰ sá»‘ VN index chá»‰ giáº£m 1.15% thÃ¬ giÃ¡ BÄs giáº£m Ä‘Æ°á»£c bao nhiÃªu % mÃ  lo sá»›m tháº¿,
6823848514352070,https://facebook.com/6823848514352070,Tu Huynh Lo hay nháº­n Ä‘á»‹nh lÃ  quyá»n cá»§a má»—i ngÆ°á»i. Khi nÃ o chÃ­n mÃ¹i b lÃ m má»™t bÃ i phÃ¢n tÃ­ch cho a e Ä‘á»c nhÃ©,
6822545317815723,https://facebook.com/6822545317815723,BÃ¡c nÃ y Äeo kÃ­nh Ä‘en nÃªn ko Tháº¥y báº§u trá»i mÃ u gÃ¬ ğŸ˜,
6827348390668749,https://facebook.com/6827348390668749,LÃ¢u lÃ¢u lÃªn xem thanh niÃªn Äƒn rau muá»‘ng thá»ƒ hiá»‡n trÃ¬nh vui quÃ¡ :)),2022-02-25 17:45:08
6827629347307320,https://facebook.com/6827629347307320,Anh HoÃ ng Kháº©u trang che lÆ°á»¡i Ä‘á»‘m,2022-02-25 18:45:10
6827683057301949,https://facebook.com/6827683057301949,Thanh Trinh Ã  hoÃ¡ ra lÆ°á»¡i báº¡n cÃ³ Ä‘á»‘m Ã . HÃ¨n gÃ¬ ngÆ°á»i ta chá»­i Ä‘Ã¹ máº·t ra váº«n lÃ¬ lá»£m Ä‘Æ°á»£c. Háº£o cáº©u :)),2022-02-25 19:45:10
6827688967301358,https://facebook.com/6827688967301358,Äáº¿n giá» training loa phÆ°á»ng tÄƒng giÃ¡ rá»“i lÆ°á»¡i Ä‘á»‘m,2022-02-25 19:45:10
6822507481152840,https://facebook.com/6822507481152840,Záº­y rá»“i Ä‘áº¥t cá»§a a a giáº£m giÃ¡ thá»i Ä‘iá»ƒm nÃ y chÆ°a mÃ  nÃ³i ngÆ°á»i ta ğŸ˜…,
6823651904371731,https://facebook.com/6823651904371731,HÃ n UyÃªn A nháº­n Ä‘á»‹nh vÃ  nhá» a e báº£o tÄƒng giÃ¡ miáº¿t thÃ¬ lÃªn lÃ m má»™t bÃ i e Æ¡i,
6823390657731189,https://facebook.com/6823390657731189,BÃ¡c bÃ¡n ráº» Ä‘i tui xÃºc cho! XÃºc khÃ´ng ná»•i tÃ´i huy Ä‘á»™ng cáº£ há» nhÃ  tÃ´i vÃ o xÃºc! ğŸ˜—,
6823778674359054,https://facebook.com/6823778674359054,"David Pham a cÅ©ng lÃ  cÃ² mÃ  e nhÆ°ng a ko pháº£i lÃ  loa phÆ°á»ng Ä‘á»“ng ca má»™t bÃ i tÄƒng, tiá»m nÄƒng e Æ¡i! A nháº­n Ä‘á»‹nh thá»‹ trÆ°á»ng thÃ´i e Æ¡i",
6822464494490472,https://facebook.com/6822464494490472,"vÃ£i, chiáº¿n tranh VN cháº¯c giÃ¡ nhÃ  Ä‘áº¥t Má»¹ giáº£m sÃ n háº¿t nhá»‰",
6823637754373146,https://facebook.com/6823637754373146,è© æ˜¥é¶ Nick m tháº¿ kia mÃ  nÃ³i tiáº¿ng Viá»‡t sÃµi pháº¿t!,
6822556764481245,https://facebook.com/6822556764481245,Lam phÃ¡t thÃ¬ bds tÄƒng chá»© báº¡n,
6823673387702916,https://facebook.com/6823673387702916,Phat Hong Äá»£i tÃ­ T cm chung cho cáº£ nhÃ  Ä‘á»c á»Ÿ dÆ°á»›i bÃ¬nh luáº­n nhÃ©. Äá»ƒ Ä‘i pháº£n há»“i háº¿t Ä‘Ã¡m tráº©u Ä‘Ã£. Chá»t vÃ o chá»— gháº» chÃºng nÃ³ cÅ©ng hÆ¡i nhá»™t,
6823019937768261,https://facebook.com/6823019937768261,Giá» nhanh nháº¹n cáº¯t lá»— bds rá»“i chá» vÃ ng háº¡ trÃº áº©n qua vÃ ng háº£ b ğŸ˜Œ,
6823793214357600,https://facebook.com/6823793214357600,Ha Dung Tran Giá» lÃ  ngá»“i canh!,
6822570451146543,https://facebook.com/6822570451146543,Tiá»n Ä‘Ã¢u mua thÃ¬ sale ko chá»‰ háº£ chá»‡,
6823479261055662,https://facebook.com/6823479261055662,"V háº£ ğŸ¤£ğŸ¤£ğŸ¤£ğŸ¤£ğŸ¤£ğŸ¤£
Cháº¯c má»›i bá»‹ sale há»‘t má»› lÃºa rá»“i ğŸ¤£ğŸ¤£ğŸ¤£ğŸ¤£ğŸ¤£",
6823771657693089,https://facebook.com/6823771657693089,"TÃ¢n ChÆ°Æ¡ng a cÅ©ng lÃ  cÃ² mÃ  e nhÆ°ng a ko pháº£i lÃ  loa phÆ°á»ng Ä‘á»“ng ca má»™t bÃ i tÄƒng, tiá»m nÄƒng e Æ¡i!",
6823881901015398,https://facebook.com/6823881901015398,Thanh Trinh kkk má»—i nghá» má»—i cáº£nh a Æ¡i. Tá»‘t nháº¥t máº¡nh ai náº¥y sá»‘ng. VÃ¬ chÃºng ta cháº£ cÃ³ tÆ° cÃ¡ch j phÃ¡n xÃ©t 1 ai cáº£.,
6822624161141172,https://facebook.com/6822624161141172,Logic nÃ y láº¡ Ã  ngeng ğŸ˜…ğŸ˜…,
6823283271075261,https://facebook.com/6823283271075261,Äá»c bÃ i ma cÆ°á»i xá»‰u ngangğŸ¤£,
6822516217818633,https://facebook.com/6822516217818633,á»¦a alo. LÃ  bds giáº£m vÃ i phÃ¡t háº£ bÃ  con. á» Ä‘Ã¢u tháº¿??,
6822615554475366,https://facebook.com/6822615554475366,Status xÃ m váº­y mÃ  admin cÅ©ng duyá»‡t.,
6823698904367031,https://facebook.com/6823698904367031,Hien LeM viáº¿t vÃ i bÃ i Ä‘á»ƒ ad duyá»‡t Ä‘i rá»“i nháº¯n T xem,
6823263447743910,https://facebook.com/6823263447743910,ÄÃ³i like háº£ báº¡n ?,
6822667831136805,https://facebook.com/6822667831136805,"CÃ´ng viá»‡c cá»§a ngÆ°á»i ta ngÆ°á»i ta muá»‘n bÃ¡n Ä‘áº¥t thÃ¬ pháº£i hÃ´ hÃ o chá»© sao, hay há» pháº£i lÃ m tháº¿ nÃ o má»›i vá»«a lÃ²ng báº¡n.",
6823713351032253,https://facebook.com/6823713351032253,LÃª Minh Bá»n em cÃ²n tráº» nÃªn Ä‘á»«ng biáº¿n mÃ¬nh thÃ nh loa phÆ°á»ng!,
6822723167797938,https://facebook.com/6822723167797938,Máº¥y anh ko Ä‘áº§u tÆ° sao cá»© canh cÆ¡ há»™i mÃ  cáº¡nh khoÃ© dÃ¢n BÄS tháº¿ nhá»Ÿ,
6823846304352291,https://facebook.com/6823846304352291,"Nguyá»…n Viá»‡t ToÃ n Sá»± tháº­t thÆ°á»ng hay cháº¡nh lÃ²ng, nhÆ°ng sá»± tháº­t lÃ  sá»± tháº­t Ä‘á»ƒ nhá»¯ng ngÆ°á»i suá»‘t ngÃ y loa phÆ°á»ng thay Ä‘á»•i",
6825332584203663,https://facebook.com/6825332584203663,Thanh Trinh má»™t sá»‘ Ã­t thÃ´i anh oi- Ä‘Ã¢u pháº£i ai cÅ©ng vay,2022-02-25 07:45:50
6822660277804227,https://facebook.com/6822660277804227,ğŸ¤£ğŸ¤£ğŸ¤£ğŸ¤£ cháº¯c chá»§ tus há»¥t lÃ´ Ä‘áº¹p quay ra cay sale áº¥y mÃ  ğŸ¤£ğŸ¤£ cÃ¡i lÃºc sale tÆ° váº¥n thÃ¬ cá»© ko quan tÃ¢m ko mua ğŸ¤£ğŸ¤£ tá»›i lÃºc muá»‘n mua thÃ¬ ko cÃ³ Ä‘á»ƒ mua Ä‘Ã¢m ra cay sale,
6823709091032679,https://facebook.com/6823709091032679,TrÆ°Æ¡ng Quyá»n Em Ä‘oÃ¡n ko cÃ³ tá»™i a ko cháº¥p,
6822405731163015,https://facebook.com/6822405731163015,Äáº¥t chá»— nÃ o háº¡ giÃ¡ a chá»‰ e vá»›i áº¡ .Ä‘á»«ng Ä‘em kiáº¿n thá»©c Chá»©ng KhoÃ¡n mÃ  phÃ¡n thá»‹ trÆ°á»ng BÄS nha a,
6822573301146258,https://facebook.com/6822573301146258,Cao Máº¡nh Linh,
6822426044494317,https://facebook.com/6822426044494317,ğŸ˜„ğŸ˜„,
6823544101049178,https://facebook.com/6823544101049178,Nguyá»…n Thanh BÃ¬nh,
6825963260807262,https://facebook.com/6825963260807262,"A e Ä‘á»“ng ca loa phÆ°á»ng ká»ƒ cÅ©ng láº¡

Chiáº¿n tranh lÃ  má»™t sá»± kiá»‡n ráº¥t khá»§ng khiáº¿p mÃ  nhiá»u a e báº£o ko liÃªn quan vÃ  trong má»“m lÃºc nÃ o cÅ©ng chá»‰ máº¥p mÃ¡y ca bÃ i Ä‘áº¥t tÄƒng giÃ¡

Chiáº¿n tranh lÃ  nhá»¯ng ngÆ°á»i dÃ¢n vÃ´ tá»™i bá»‹ giáº¿t háº¡i, nÃ³ liÃªn Ä‘á»›i tá»›i cáº£ tháº¿ giá»›i nguy cÆ¡ cÆ°á»›p xÃ¢m lÆ°á»£c ráº¥t cao

áº¤y váº­y mÃ  má»™t sá»‘ bá»n e váº«n vÃ´ cáº£m, váº«n cá»© ha háº£ cÆ°á»i cá»£t vÃ  ca miáº¿t má»™t bÃ i

Cuá»™c Ä‘á»i cÃ¡c em cá»© 4 bá»©c tÆ°á»ng Ä‘Ã³ng cá»­a rá»“i loanh quanh luáº©n quáº©n Ä‘áº¥t ko Ä‘áº» mÃ£i tháº¿ Ã ?",2022-02-25 10:46:01
6824105847659670,https://facebook.com/6824105847659670,"Ä‘áº¥t á»Ÿ máº¥y nc khÃ¡c ko bik, chá»© á»Ÿ VN Ä‘Ã©o cÃ³ vá»¥ giáº£m Ä‘Ã¢u ha, VN cÃ³ lÃªn rá»“i sáº½ ko bh giáº£m",
6826256397444615,https://facebook.com/6826256397444615,"https://
www.facebook.com
/groups/
reviewbatdongsan
az/permalink/
6826082584128663
/

NÃ o a e vÃ o Ä‘Ã¢y chiáº¿n tiáº¿p vá»›i T cho vui

Má»i táº¥t cáº£ a e nhá»¯ng ngÆ°á»i lá»‹ch sá»± dÃ¹ trÃ¡i quan Ä‘iá»ƒm

NhÆ°ng bá»n vÃ´ vÄƒn hoÃ¡, xÃºc pháº¡m lÃ  T giáº­t nÆ°á»›c dá»™i ngay",2022-02-25 11:46:06
6825641814172740,https://facebook.com/6825641814172740,"Sáº¯p hÃ¨ rá»“i a e láº¡i chuáº©n bá»‹ Ä‘á»“ng phá»¥c vÃ  cÃ¡c quáº£n ca láº¡i cho a e hÃ¡t ca bÃ i â€œÄáº¥t Ko Äáº» ÄÆ°á»£câ€. Ca tá»« váº«n má»™t mÃ u: dÃ²ng tiá»n, tiá»m nÄƒng, cÃ²n lÃªn ná»¯a, sá»‘t Ä‘áº¥t, trÃº áº©nâ€¦

á» trÃªn láº¡i tiáº¿p tá»¥c lÅ©ng loáº¡n, mÃ³c tÃºi thá»‹ trÆ°á»ng, ngÆ°á»i mua báº±ng cÃ¡i giÃ¡ áº£o ma vá»‘ng lÃªn ná»¯a

Háº­u quáº£ lÃ  gÃ¬ khÃ¡ch hÃ ng láº¡i mua há»›, bong bÃ³ng láº¡i phá»“ng lÃªn vÃ  tÃ¡c háº¡i cho ná»n kinh táº¿ khá»§ng khiáº¿p láº¯m nhÆ° vá»¥ thá»•i Ä‘áº¥t Thá»§ ThiÃªm Ä‘áº¥y

Tháº¿ nÃªn lÃ  gÃ¬ a e pháº£i nhÃ¬n nháº­n láº¡i xem mÃ¬nh loa phÆ°á»ng mÃ£i má»™t bÃ i cÃ³ tháº¥y nhÃ m ko?

KhÃ¡ch hÃ ng ngÆ°á»i Ä‘Ã¢u tÆ° sáº½ tá»‰nh tÃ¡o hÆ¡n, quan sÃ¡t vÃ  buá»™c cÃ¡c dá»± Ã¡n pháº£i trá»Ÿ vá» giÃ¡ trá»‹ thá»±c thÃ¬ ngÆ°á»i mua má»›i cÃ³ lá»£i, Ä‘áº¥t nÆ°á»›c thá»‹ trÆ°á»ng má»›i lÃ nh máº¡nh Ä‘Æ°á»£c

A e vÃ  tháº±ng cÃ² nhÆ° T khi bÃ¡n cÅ©ng tháº¥y an lÃ²ng vÃ¬ khÃ¡ch hÃ ng mua Ä‘Æ°á»£c Ä‘Ãºng giÃ¡ trá»‹ tháº­t chá»© ko pháº£i Ã´m lan Ä‘á»™t biáº¿n rá»“i lÃ£ng phÃ­ cá»§a cáº£i Ä‘áº¥t nÆ°á»›c.

â€¦ÄÃ³ lÃ  cÃ¡i chá»— Ã½ Ä‘áº¥y",2022-02-25 09:46:06
6825630534173868,https://facebook.com/6825630534173868,Trinh Äá»—,2022-02-25 09:46:11
6822678421135746,https://facebook.com/6822678421135746,Stt-\-\- > Dá»‘t dá»‘t,
6823716687698586,https://facebook.com/6823716687698586,Kim Tea M Ä‘Äƒng há»™ T má»™t bÃ i xem m cÃ³ dá»‘t kÃ©m T ko,
6826342324102689,https://facebook.com/6826342324102689,Tiá»n trong DÃ¢n cÃ²n nhiá»u tháº­t ğŸ‰ğŸ‘ğŸ‘ğŸ‘âœ…,2022-02-25 12:46:33
6826432684093653,https://facebook.com/6826432684093653,Nam ráº¡ch chiáº¿c bÃªn cáº¡nh 5x20 giÃ¡ 22 tá»i. á»”n khÃ´ng anh em ğŸ˜‚,2022-02-25 13:46:33
6828875963849325,https://facebook.com/6828875963849325,"BÃªn em cÃ³ giá» hÃ ng chÃªnh yÃªu thÆ°Æ¡ng phÃ­ cao chÃ³t vÃ³t anh chá»‹ em cÃ³ nhu cáº§u liÃªn há»‡ em áº¡
0908182688 (Nhi)",2022-02-26 00:46:34
6826228267447428,https://facebook.com/6826228267447428,Theo anh chá»‹ thÃ¬ giÃ¡ nÃ y lÃ  thá»±c táº¿ hay lÃ  giÃ¡ tÆ°Æ¡ng lai hoÃ n thÃ nh cÃ¡c tiá»‡n Ã­ch luÃ´n áº¡? ğŸ˜,2022-02-25 12:46:37
6826491784087743,https://facebook.com/6826491784087743,Ae cáº§n láº¥y hÃ ng liÃªn há»‡ em nhÃ©,2022-02-25 13:46:40
6826492410754347,https://facebook.com/6826492410754347,Nguyá»…n Nam,2022-02-25 13:46:41
6828767207193534,https://facebook.com/6828767207193534,Tháº­t sá»± hÃ³ng sl booking Ã h,2022-02-26 00:46:41
6829059080497680,https://facebook.com/6829059080497680,40 tá»‰ ~ 1.7tr Ä‘Ã´ Biden Ä‘á»ƒ mua cÄƒn nhÃ  á»‘ng 5x19â€¦ KH sÃ¡ng nay cháº¯c kiá»ƒu: â‰ï¸ğŸ˜€ğŸ˜€,2022-02-26 01:46:41
6826497747420480,https://facebook.com/6826497747420480,Anh em láº¥y hÃ ng ib mÃ¬nh hen,2022-02-25 13:46:41
6826181074118814,https://facebook.com/6826181074118814,.,2022-02-25 11:46:42
6827494927320762,https://facebook.com/6827494927320762,.,2022-02-25 18:46:42
6828152513921670,https://facebook.com/6828152513921670,NhÃ  Ä‘áº§u tÆ° Ä‘áº£ báº£o rá»“i . Dá»± Ã¡n nÃ y cao cáº¥p nháº¥t trong khu vá»±c mÃ  .,2022-02-25 21:47:05
6827520133984908,https://facebook.com/6827520133984908,Gia tá»‘t qua ğŸ¤£ğŸ¤£ğŸ¤£,2022-02-25 18:47:07
6827673357302919,https://facebook.com/6827673357302919,"PhÃº Quá»‘c nha cÃ¡c bÃ¡c Æ¡i, gom Ä‘áº¥t láº¹ láº¹ nÃ o ğŸ¤£",2022-02-25 19:47:13
6826594804077441,https://facebook.com/6826594804077441,"Ráº» quÃ¡, mÃ¬nh máº¡nh dáº¡n tráº£ lÃªn trÄƒm tá»·",2022-02-25 13:47:13
6827605120643076,https://facebook.com/6827605120643076,Cháº¯c lÃ  pháº£i mua chÃªnh quÃ¡,2022-02-25 18:47:13
6826378564099065,https://facebook.com/6826378564099065,"GiÃ¡ quÃ¡ ráº» , 1tá»·/m2 má»›i há»£p lÃ½",2022-02-25 12:47:13
6828279673908954,https://facebook.com/6828279673908954,All in nhÃ©ğŸ‘ğŸ‘ğŸ‘,2022-02-25 21:47:14
6826107747459480,https://facebook.com/6826107747459480,GiÃ¡ há»£p lÃ½ Ä‘á»‘i vá»›i phÃ¢n khÃºc khÃ¡ch siÃªu sang .... CÃ²n MÃ¬nh ko tiá»n nÃªn cá»‘ gáº¯ng bÃ¡n thÃ´i,2022-02-25 11:47:14
6826138834123038,https://facebook.com/6826138834123038,XÃ¡c láº­p má»©c giÃ¡ má»›i,2022-02-25 11:47:16
6826116824125239,https://facebook.com/6826116824125239,GiÃ¡ quÃ¡ thÆ¡m,2022-02-25 11:47:16
6826313677438887,https://facebook.com/6826313677438887,"nghe báº£o giai Ä‘oáº¡n sau hÃ ng ra cÃ²n Ä‘áº¿n táº­n 650 , h giÃ¡ 300 máº¥y Äƒn nháº±m j",2022-02-25 12:47:17
6826981784038743,https://facebook.com/6826981784038743,Lakeview City káº¿ bÃªn Wellcom ğŸ˜‹,2022-02-25 15:47:20
6826166910786897,https://facebook.com/6826166910786897,GiÃ¡ cáº£ nhÃ¬n sá»£ tháº­t nhá»‰.,2022-02-25 11:47:20
6826836534053268,https://facebook.com/6826836534053268,Háº­u quáº£ cá»§a Ä‘áº¥u giÃ¡ thá»§ thiÃªm kaka,2022-02-25 15:47:22
6826970004039921,https://facebook.com/6826970004039921,CÃ¢u há»i lÃ  táº¡i sao bÃ¡n váº«n Ä‘c. ÄÃ³ má»›i lÃ  váº¥n Ä‘á». Äá»«ng báº¯t ngÆ°á»i cÃ³ tiá»n ngÆ°á»i ta mua giÃ¡ ráº½. Äá»ƒ mÃ¬nh cÃ³ cÆ¡ há»™i,2022-02-25 15:47:22
6827146904022231,https://facebook.com/6827146904022231,Jenny Nguyá»…n bÃ¡n Ä‘c bn cÄƒn b,2022-02-25 16:47:24
6827156234021298,https://facebook.com/6827156234021298,Hoa Phan bÃ i toÃ¡n cÃ³ lá»i ngÆ°á»i ta má»›i lÃ m. Thá»‹ trÆ°á»ng háº¥p thá»¥ Ä‘Æ°á»£c nÃ³ má»›i xáº£y ra. NÃ y ko pháº£i chuyá»‡n bá»‹a ra.,2022-02-25 16:47:24
6827168030686785,https://facebook.com/6827168030686785,"Jenny Nguyá»…n trá»i, t há»i b bÃ¡n Ä‘c bn cÄƒn b biáº¿t ko, chá»© ai nÃ³i bá»‹a gÃ¬, nghÄ© gÃ¬ váº­y",2022-02-25 16:47:24
6827174310686157,https://facebook.com/6827174310686157,Hoa Phan bÃ¡n Ä‘c hay ko t ko quan tÃ¢m. CÅ©ng cháº£ cÃ³ lÃ½ do gÃ¬ tráº£ lá»i bÃ¡c. T chá»‰ biáº¿t giÃ¡ Ä‘áº¥t ngÃ y cÃ ng tÄƒng. Ko cÃ³ chuyá»‡n bong bÃ³ng. VÃ  viá»‡c má»™t sá»‘ dá»± Ã¡n giÃ¡ trÃªn trá»i váº«n bÃ¡n Ä‘c lÃ  cÃ³ tháº­t. Muá»‘n biáº¿t Ä‘i tá»± mÃ  tÃ¬m hiá»ƒu.,2022-02-25 16:47:24
6826765184060403,https://facebook.com/6826765184060403,GiÃ¡ Ä‘iÃªn rá»“ tháº­t,2022-02-25 14:47:25
6827063244030597,https://facebook.com/6827063244030597,CÃ³ ai quen vá»›i chá»§ cá»§a chá»§ Ä‘áº§u tÆ° khÃ´ng nÃ³i há» lÃªn giÃ¡ trÃ²n 1 tá»·/m2 luÃ´n cho cháºµn cho dá»… nhá»› chá»© giÃ¡ váº­y cÃ²n ráº» quÃ¡,2022-02-25 16:47:25
6826741087396146,https://facebook.com/6826741087396146,MÃºc Ä‘Æ°á»£c 10 cÄƒn á»Ÿ Ä‘Ã¢y ğŸ˜†ğŸ’,2022-02-25 14:47:27
6826145724122349,https://facebook.com/6826145724122349,Quáº¥t máº¡nh vÃ o nha... sáº·c tiáº¿t biáº¿t liá»n Ã ,2022-02-25 11:47:27
6826352327435022,https://facebook.com/6826352327435022,VÃ¢ng muá»‘n mua vá»›i 40 tá»‰ ib e nhiá»u cÃ¡i Ä‘áº§u tÆ° hÃ³t hÆ¡n ğŸ˜†,2022-02-25 12:47:28
6828849127185342,https://facebook.com/6828849127185342,Váº«n ráº» chÃ¡n,2022-02-26 00:47:32
6828221480581440,https://facebook.com/6828221480581440,Äang ngá»§ mÆ¡,2022-02-25 21:47:32
6827735923963329,https://facebook.com/6827735923963329,Khá»›p dc háº¿t thÃ¬...,2022-02-25 19:47:32
6826992747370980,https://facebook.com/6826992747370980,NhÆ°ng sao bÃ¡n váº«n tá»‘t nhá»‰,2022-02-25 15:47:35
6826119557458299,https://facebook.com/6826119557458299,tÆ° báº£n hÃºt ngoáº¡i tá»‡ lÃ  cÃ³ tháº­t,2022-02-25 11:47:35
6827531060650482,https://facebook.com/6827531060650482,Cuong Bo,2022-02-25 18:47:37
6826318310771757,https://facebook.com/6826318310771757,NÃªn mua,2022-02-25 12:47:38
6826107227459532,https://facebook.com/6826107227459532,giÃ¡ thÆ¡m,2022-02-25 11:47:38
6827773810626207,https://facebook.com/6827773810626207,"36,37 tá»‰ 1 cÄƒn 100m2 hihi",2022-02-25 19:47:40
6826166224120299,https://facebook.com/6826166224120299,Ngon luÃ´n!,2022-02-25 11:47:43
6828814057188849,https://facebook.com/6828814057188849,Äá»c bÃ i nÃ y tháº¥y lÃ m vá»‹ trÃ­ nvkd Ä‘Ãºng hÆ¡n founder Ã¡ =)))),2022-02-26 00:47:48
6815419708528284,https://facebook.com/6815419708528284,"MÃ¬nh cÅ©ng Ä‘ang tÃ¬m Ä‘á»ƒ Ä‘áº§u tÆ° ngoÃ i ÄN, inbox mÃ¬nh sá»‘ Ä‘iá»‡n thoáº¡i VÅ© nhÃ©",
6811841968886058,https://facebook.com/6811841968886058,HÃ³ng cÃ¢u há»i tiáº¿p,
6818059138264341,https://facebook.com/6818059138264341,.,
6827659077304347,https://facebook.com/6827659077304347,Sá»• + vá»‹ trÃ­ + Video Ä‘áº¥t . CÃ³ thÃ¬ hÃ£y Ä‘i cÃ¡c báº¡n nhÃ© . Giá» mÃ  ngá»“i Ä‘Ã³ nghe vÃ  háº¹n hÃ² kiá»ƒu Ä‘Ã³ Ä‘áº¿n bao giá» má»›i tÃ¬m Ä‘Æ°á»£c Ä‘áº¥t mÃ  mua ???,2022-02-25 19:48:05
6827536840649904,https://facebook.com/6827536840649904,Pháº£i thÃ¢t sÆ° sÃ¡ng suá»‘t thÃ¬ nhá»¯ng chiÃªu trÃ² nÃ y má»›i dáº¹p Ä‘Æ°Æ¡c.Mong mn hÃªt sÆ°c cáº£nh giÃ¡c,2022-02-25 18:48:05
6825614640842124,https://facebook.com/6825614640842124,MÃ¬nh Ä‘Ã£ lÃªn nhiá»u chuyá»‡n xe nhÆ° tháº¿ vÃ  Ä‘Ã£ rÃºt ra Ä‘Æ°á»£c Ã­t kinh nghiá»‡m k k,2022-02-25 08:48:06
6827708780632710,https://facebook.com/6827708780632710,"Ä‘Ã¡nh Ä‘Ãºng tÃ¢m lÃ½ ham ráº», tin váº­y mÃ  cÅ©ng cÃ³ ngÆ°á»i tin. ChÃ¡n",2022-02-25 19:48:07
6827339207336334,https://facebook.com/6827339207336334,Ráº» Ä‘áº¿n lÆ°á»£t khÃ¡ch hÃ ng Ã  ğŸ¤£,2022-02-25 17:48:07
6825126307557624,https://facebook.com/6825126307557624,Tuáº¥n Quá»‘c nhÃ  1 tá»· cá»§a anh =)),
6825503767519878,https://facebook.com/6825503767519878,Pháº¡m Há»“ng Pháº¥n Ä‘Ã¢u a coi cÃ³ 760tr Ã  tiá»n Ä‘Ã¢u mua 1 tá»·,2022-02-25 08:48:08
6824517037618551,https://facebook.com/6824517037618551,Lá»«a Ä‘áº£o cÃ³ tá»• chá»©c,
6822753041128284,https://facebook.com/6822753041128284,Pháº¡m Há»“ng Ãnh VÃ¢n,
6823070874429834,https://facebook.com/6823070874429834,Hiá»‡p QuÃ½ ÄoÃ n,
6825222154214706,https://facebook.com/6825222154214706,.,
6824152560988332,https://facebook.com/6824152560988332,Yanrua Lu,
6828464747223780,https://facebook.com/6828464747223780,"https://
m.thanhnien.vn/
khai-thac-quy-da
t-doc-2-ben-duo
ng-vanh-dai-3-p
ost1433015.html
?utm_source=zal
o&utm_medium=za
lo&utm_campaign
=zalo&zarsrc=10",2022-02-25 22:49:10
5529363680467233,https://facebook.com/5529363680467233,2060 nhÃ©,2021-06-26 06:49:13
5528914673845467,https://facebook.com/5528914673845467,"Xong 2022, Ä‘Ã¹a Ã . 20 nÄƒm ná»¯a ko biáº¿t cÃ³ chÆ°a",2021-06-26 06:49:13
5528496497220618,https://facebook.com/5528496497220618,Cháº¯c mÃ  xong Ä‘c Nguyá»…n CÃ´ng Chiáº¿nğŸ˜‚,2021-06-26 06:49:13
6828104813926440,https://facebook.com/6828104813926440,Chá»§ Ä‘áº§u tÆ° Mitsubishi estate Vietnam,2022-02-25 20:50:29
6826025634134358,https://facebook.com/6826025634134358,Cháº¥m,2022-02-25 10:50:30
6827325070671081,https://facebook.com/6827325070671081,"GiÃ¡ tá»‘t hÆ¡n The Global City, pháº£i chÄƒng chÆ°a cÃ³ cáº§u CÃ¡t LÃ¡i, náº¿u cÃ³ thÃ¬ Ä‘Æ°á»ng Ä‘i tiá»‡n vÃ  nhanh hÆ¡n, kháº£ nÄƒng tÄƒng giÃ¡",2022-02-25 17:50:30
6826362207434034,https://facebook.com/6826362207434034,Quan tÃ¢m,2022-02-25 12:50:31
6827435910659997,https://facebook.com/6827435910659997,Hiá»‡p QuÃ½ ÄoÃ n,2022-02-25 18:50:31
6826097560793832,https://facebook.com/6826097560793832,.,2022-02-25 11:50:31
6826176080785980,https://facebook.com/6826176080785980,.,2022-02-25 11:50:31
6827189264017995,https://facebook.com/6827189264017995,HÃ³ng hÃ³ng,2022-02-25 16:50:31
6826446624092259,https://facebook.com/6826446624092259,Youen Dat,2022-02-25 13:50:31
6826139520789636,https://facebook.com/6826139520789636,.,2022-02-25 11:50:31
6724170934319829,https://facebook.com/6724170934319829,the giai doan sot 201602019 no nam o gd nao,2022-02-05 06:50:35
6796496997087222,https://facebook.com/6796496997087222,TÄƒng nhÆ°ng tÃ­nh thanh khoáº£n tháº¿ nÃ o má»›i lÃ  váº¥n Ä‘á» thÃ´i?,
6740608092676113,https://facebook.com/6740608092676113,luáº­t má»›i kiá»ƒm soÃ¡t bÄ‘s mÃ  ra thÃ¬ lÃ½ thuyáº¿t gÃ¬ cÅ©ng thua háº¿t !,2022-02-12 06:50:45
6740661342670788,https://facebook.com/6740661342670788,"tá»« 2009 Ä‘áº¿n nay nÄƒm nÃ o chÃ­nh phá»§ cÅ©ng hÃ´ hÃ o luáº­t má»›i, váº­y bds cÃ³ giáº£m ko
Quyáº¿t tÃ¢m Ä‘Ã¡nh thuáº¿ Ä‘á»ƒ cháº·n sá»‘t BÄS tá»« nÄƒm 2009:
https://
nld.com.vn/
thi-truong-dia-o
c/
chinh-phu-ke-toa
-chan-sot-bat-d
ong-san-212157.
htm",2022-02-12 06:50:46
6726102057460050,https://facebook.com/6726102057460050,"Cáº£m Æ¡n tÃ¡c giáº£, bÃ i viáº¿t chuáº©n vÃ  ngáº¯n gá»n.",2022-02-05 06:50:48
6730153410388248,https://facebook.com/6730153410388248,Im láº·ng Ä‘á»ƒ ae cÃ²n bÃ¡o khÃ¡ch ruá»™t Ã´m hÃ ng,2022-02-05 06:50:51
6729620890441500,https://facebook.com/6729620890441500,Bai nay viet co chut hiá»ƒu biáº¿t,2022-02-05 06:50:51
6731060763630846,https://facebook.com/6731060763630846,Vá»›i tá»‘c Ä‘á»™ Ä‘Ã´ thá»‹ hoÃ¡ nhanh sá»± ptkt táº¥t yáº¿u vÃ  dÃ¢n sá»‘ dang thá»i ká»³ dÃ¢n sá»‘ vÃ ng..thÃ¬ nhu cáº§u vá» nhÃ  á»Ÿ cÃ²n ráº¥t cao lÃªn cháº¯c cháº¯n bds cÃ²n tang giÃ¡...thÃªm vÃ o Ä‘Ã³ chÃ­nh sÃ¡ch vÃ  quy hoáº¡ch pt vá» bds vá» Ä‘Ã´ thá»‹ quÃ¡ yáº¿u kÃ©m dáº«n Ä‘áº¿n khan hiáº¿m nguá»“n cung táº¡o cÆ¡ há»™i cho Ä‘áº§u cÆ¡ báº¯t tay cÃ¹ng quan liÃªu lÃ m nhÅ©ng Ä‘oáº¡n thá»‹ trÆ°á»ng,2022-02-05 06:50:52
6730030667067189,https://facebook.com/6730030667067189,NÃ³i nhá» thÃ´i,2022-02-05 06:50:53
6724270007643255,https://facebook.com/6724270007643255,Báº¡n Ä‘Äƒng lÃªn diá»…n Ä‘Ã n cÃ´ng khai thÃ¬ nÃªn cÃ³ dáº«n chá»©ng rÃµ rÃ ng hoáº·c nÃªn nÃ³i mÃ© chÃºt.,2022-02-05 06:50:53
6724575360946053,https://facebook.com/6724575360946053,Qt,2022-02-05 06:50:53
6724221180981471,https://facebook.com/6724221180981471,Hay ğŸ‘,2022-02-05 06:50:53
6731987150204874,https://facebook.com/6731987150204874,Xon Nguyá»…n,2022-02-05 06:50:56
6724394370964152,https://facebook.com/6724394370964152,TrÃ¢m LÃª,2022-02-05 06:50:56
6741698032567119,https://facebook.com/6741698032567119,LÃª Nháº­t TÃ¢n,2022-02-12 06:50:56
6724343994302523,https://facebook.com/6724343994302523,Minh Hiáº¿u,2022-02-05 06:50:56
6725029987567257,https://facebook.com/6725029987567257,Nguyá»…n Lá»™c Nguyá»…n Há»¯u Thiá»‡n Biá»‡n Thanh PhÃº,2022-02-05 06:50:56
6737223659681223,https://facebook.com/6737223659681223,Benjamin Uc Ich,2022-02-12 06:50:58
6725099740893615,https://facebook.com/6725099740893615,Tran Thanh Trung,2022-02-05 06:50:58
6724758594261063,https://facebook.com/6724758594261063,.,2022-02-05 06:50:58
6724171350986454,https://facebook.com/6724171350986454,.,2022-02-05 06:50:58
6827581043978817,https://facebook.com/6827581043978817,"1 ná»¯a sá»± tháº­t thÃ¬ ko pháº£i lÃ  sá»± tháº­t. BÃ¡c Ä‘ang máº·c Ä‘á»‹nh trung tÃ¢m lÃ  thÃ nh phá»‘ lá»›n lÃ  khÃ´ng chÃ­nh xÃ¡c nhÃ©, tÆ°Æ¡ng lai sáº½ hÃ¬nh thÃ nh cÃ¡c trung tÃ¢m má»›i Ä‘á»ƒ giáº£m sá»± phÃ¢n cá»±c vÃ  quá»¹ Ä‘áº¥t ko Ä‘á»§ cho cÃ¡c Ä‘áº¡i dá»± Ã¡n trong tt náº¿u nhÃ  Ä‘áº§u tÆ° chiáº¿n lÆ°á»£c Ä‘Ã³n Ä‘áº§u Ä‘Æ°á»£c sáº½ sinh lá»£i nhÃ¬u hÆ¡n, cÃ²n nhÆ°ng trung tÃ¢m Ä‘Ã£ hiá»‡n há»¯u, giÃ¡ nhÃ  Ä‘Ã£ pháº£n Ã¡nh giÃ¡ trá»‹ rá»“i nÃªn room Ä‘á»ƒ tÄƒng cÃ²n ráº¥t tháº¥p so vá»›i nhÆ°ng nÆ¡i tÆ°Æ¡ng lai cÃ³ cÃ¡c Ä‘áº¡i dá»± Ã¡n thá»±c sá»± triá»ƒn khai nhÆ° khu cÃ´ng nghiá»‡p, cáº£ng biá»ƒn,.... ÄÆ¡n giáº£n, táº¡i sao tÆ° báº£n tÃ¬m vÃ  Ä‘áº§u tÆ° máº¡nh vÃ o cÃ¡c nÆ°á»›c Ä‘ang phÃ¡t triá»ƒn chá»© ko pháº£i quá»‘c gia cá»§a há»",2022-02-25 18:51:26
6827591233977798,https://facebook.com/6827591233977798,MÃ¬nh Ä‘Ã³n Ä‘áº§u nhá»¯ng nÆ¡i thá»±c sá»± tÃ¬m nÄƒng trong tÆ°Æ¡ng lai vá»›i vá»‘n bá» ra nhá» nhÆ°ng suáº¥t sinh lá»£i khÃ¡ cao so vá»›i Ä‘áº§u tÆ° thÃ nh phá»‘ lá»›n nhÃ©,2022-02-25 18:51:27
6827631797307075,https://facebook.com/6827631797307075,"NÃ³i tháº­t, á»Ÿ quÃª mÃ¬nh Ä‘ang á»Ÿ, nÄƒm ngoÃ¡i trÆ°á»›c ct16 thÃ¬ cÃ³ cÃ¡ máº­p gom Ä‘áº¥t vÆ°á»n, Ä‘áº¥t ruá»™ng vá»›i cÃ¡i giÃ¡ tháº­t sá»± ráº», vÃ¬ tÃ¬nh hÃ¬nh lÃºc Ä‘áº¥y, ng dÃ¢n cáº§n tiá»n hÆ¡n táº¥t cáº£, rá»“i thá»i gian sau Táº¿t, há» Ä‘áº©y giÃ¡ bÃ¡n rá»“i bÃ¹ng thÃ´i.",2022-02-25 18:51:27
6827647323972189,https://facebook.com/6827647323972189,"DÃ¢n trÃ­ á»Ÿ quÃª ko quan tÃ¢m láº¯m tá»›i chá»¯
Chá»‰ quan tÃ¢m tiá»n
ÄÆ°á»£c giÃ¡ ban thoy
Mua láº¡i sau",2022-02-25 18:51:29
6827793150624273,https://facebook.com/6827793150624273,BÃ¡n vá» tp mua ğŸ¤£ğŸ¤£ğŸ¤£,2022-02-25 19:51:29
6827769140626674,https://facebook.com/6827769140626674,Nguyen Thuy Linh,2022-02-25 19:51:29
6827450490658539,https://facebook.com/6827450490658539,Äang cá»c lÃ m ná»n mÃ  tÆ°á»ng nhÃ  káº¿ bÃªn nÃ³ phÃ¡t hiá»‡n ná»©t thÃ¬ xÃ¡c Ä‘á»‹nh á»‘i trá»i Æ¡i khÃ³c tiáº¿ng mÃ¡n luÃ´n,2022-02-25 18:52:08
6827936047276650,https://facebook.com/6827936047276650,"LÃ¢u lÃ¢u cÃ³ bÃ i giáº£i trÃ­ vui ghÃª, cáº£m Æ¡n tÃ¡c giáº£ ğŸ˜€",2022-02-25 20:52:08
6820303074706614,https://facebook.com/6820303074706614,List bÃ n giao ntn váº­y,
6817592118311043,https://facebook.com/6817592118311043,"MÃ¬nh lÃ m ná»™i tháº¥t Ä‘i ngang tháº¥y xong háº¿t rá»“i,cÃ³ thÃ´ng bÃ¡o nháº­n nhÃ  tá»« 1/3 thÃ¬ pháº£i áº¡",
6817768164960105,https://facebook.com/6817768164960105,Review Gemriverside luÃ´n Ä‘i em,
6818049591598629,https://facebook.com/6818049591598629,Trang Nguyá»…n Gem thÃ¬ cÃ³ ng vui ng buá»“n cháº¿ Æ¡i,
6820738991329689,https://facebook.com/6820738991329689,NgÃ´ Quá»‘c Triá»u ğŸ˜‚ğŸ˜‚ğŸ‘,
6817796024957319,https://facebook.com/6817796024957319,"Dá»± Ã¡n Ä‘áº¹p, vá»‹ trÃ­ máº·t tiá»n Pháº¡m VÄƒn Äá»“ng. Káº¿t ná»‘i vá» SÃ¢n bay tá»‘t. Auto lá»i lo gÃ¬ .",
6818124204924501,https://facebook.com/6818124204924501,"Pháº£i nÃ³i lÃ  cÄƒn há»™ cao cáº¥p báº­c nháº¥t Ä‘áº¡i lá»™ Pháº¡m VÄƒn Äá»“ng, há»™i tá»¥ Ä‘áº§y Ä‘á»§ cÃ¡c yáº¿u tá»‘ nháº¥t cáº­n thá»‹ nhá»‹ cáº­n giang tam cáº­n lá»™. ChÃºc má»«ng anh chá»‹ cÆ° dÃ¢n Ä‘Ã£ sá»Ÿ há»¯u Ä‘Æ°á»£c 1 sáº£n pháº©m Ä‘áº¹p ğŸ˜Š",
6820303351373253,https://facebook.com/6820303351373253,"Dá»‹ch dÃ£ bÃ¹ng phÃ¡t,
tranh thá»§ thu phÃ­ quáº£n lÃ½ 1 láº§n khÃ´ng lÃ  khÃ¡ch khÃ´ng cÃ³ tiá»n Ä‘Ã³ng ğŸ¤ª",
6822425994494322,https://facebook.com/6822425994494322,Äáº·ng Quá»‘c Linh phÃ­ quáº£n lÃ½ thu luÃ´n 10 nÄƒm má»›i pháº£i a :))),
6817209851682603,https://facebook.com/6817209851682603,Sáº£ng sang sá»‹n má»‹n quÃ¡. Pháº£i náº±m á»Ÿ Q1 thÃ¬ Ä‘á»‰nh luÃ´n,
6821352857934969,https://facebook.com/6821352857934969,"ğŸ“ CÃ²n Duy nháº¥t 1 CÄƒn Há»™ - Máº·t Tiá»n Äáº¡i Lá»™ lá»›n Nháº¥t TPHCM - tá»« CÄT
ğŸ”œ ST.MORITZ - 01 CÄ‚N CUá»I CÃ™NG - CK 3%
ğŸ”° 01 CÄƒn duy nháº¥t view sÃ´ng SÃ i GÃ²n táº¡i máº·t tiá»n Ä‘áº¡i lá»™ phá»“n hoa Pháº¡m VÄƒn Äá»“ng, TP. Thá»§ Äá»©c cÃ¡ch Giga Mall chá»‰ 3 phÃºt.
â€”â€”â€”â€”â€”â€”â€”â€”â€”â€”â€”â€”
ğŸ”° Diá»‡n tÃ­ch: 79m2 gÃ³c 2 máº·t tiá»n
ğŸ”° GiÃ¡ gá»‘c chá»§ Ä‘áº§u tÆ°: 5.5 tá»· Ä‘Ã£ bao gá»“m VAT
â€”â€”â€”â€”â€”â€”â€”â€”â€”â€”â€”â€”
ğŸ“ ChÃ­nh sÃ¡ch khÃ¡ch hÃ ng
ğŸ”° Chiáº¿t kháº¥u Ä‘Æ¡n: 3%
ğŸ”° Chiáº¿t kháº¥u combo: 5%
ğŸ”° Thanh toÃ¡n: 1%/thÃ¡ng
â€”â€”â€”â€”â€”â€”â€”â€”â€”â€”â€”â€”
ğŸ“ BÃ n giao: ThÃ¡ng 2/2022
ğŸ“ Chá»§ Ä‘áº§u tÆ° Äáº¥t Xanh Group

â˜ï¸ 0936.553.693 PKD Chá»§ Äáº§u TÆ°",
6820697038000551,https://facebook.com/6820697038000551,"CÃ²n má»™t cÄƒn 2pn giÃ¡ chá»§ Ä‘áº§u tÆ°, quÃ½ khÃ¡ch hÃ ng nÃ o cáº§n thÃ´ng tin Ä‘á»ƒ e há»—i trá»£ nhÃ© ğŸ˜ğŸ˜ğŸ˜",
6817175561686032,https://facebook.com/6817175561686032,Qt,
6817852148285040,https://facebook.com/6817852148285040,.,
6817110581692530,https://facebook.com/6817110581692530,.,
6817101758360079,https://facebook.com/6817101758360079,.,
6817047715032150,https://facebook.com/6817047715032150,.,
6818415824895339,https://facebook.com/6818415824895339,...,
6817128588357396,https://facebook.com/6817128588357396,.,
6820496998020555,https://facebook.com/6820496998020555,.,
6817222938347961,https://facebook.com/6817222938347961,.,
6817899254946996,https://facebook.com/6817899254946996,.,
6818495441554044,https://facebook.com/6818495441554044,Nguyá»…n VÆ°Æ¡ng HoÃ ng Nháº­t,
6818114794925442,https://facebook.com/6818114794925442,"https://
youtu.be/
zXWrIlMMTK8",
6827599103977011,https://facebook.com/6827599103977011,ra gi noi,2022-02-25 18:54:17
6827347037335551,https://facebook.com/6827347037335551,hÃ³ng,2022-02-25 17:54:18
6826679760735612,https://facebook.com/6826679760735612,"theo em hiá»‡n táº¡i cÃ¡c nhÃ  Ä‘áº§u tÆ° nÃªn biáº¿t 1 Ã­t vá» kiáº¿n thá»©c bÃªn chá»©ng khoÃ¡n, Ä‘á»ƒ Ä‘Ã¡nh giÃ¡ Ä‘Æ°á»£c cty BÄS nÃ o lÃ m Äƒn minh báº¡ch vÃ  uy tÃ­n. Má»™t thá»i gian dÃ i bÃªn chá»©ng khoÃ¡n thÃ¬ em tháº¥y nhiá»u cty BÄS lÃ m Äƒn gian dá»‘i, sá»‘ liá»‡u khai bÃ¡o sai, vÃ  sáºµn sÃ ng bá»‹ pháº¡t hÃ ng tá»· Ä‘á»“ng vÃ¬ lá»£i nhuáº­n trÆ°á»›c máº¯t, NhÆ° anh nÃ o Ä‘Ã³ bÃ¡n chui cá»• phiáº¿u FCL bá»‹ pháº¡t hÆ¡n 1,5 tá»· Ä‘á»“ng. Nhá»¯ng chá»§ Ä‘áº§u tÆ° nhÆ° váº­y cÅ©ng sáº½ máº·c ká»‡ nhÃ  Ä‘áº§u tÆ° vÃ i tá»· Ä‘á»“ng Ä‘á»ƒ cháº¡y theo lá»£i nhuáº­n. Má»i ngÆ°á»i nÃªn cÃ¢n nháº¯c. VÃ  em biáº¿t thá»‹ trÆ°á»ng BÃ¬nh DÆ°Æ¡ng lÃ  cÆ¡ cháº¿ má»Ÿ, duyá»‡t dá»± Ã¡n sáº½ nhanh hÆ¡n, Ä‘á»“ng nghÄ© vá»›i thi cÃ´ng sáº½ nhanh hÆ¡n. Cháº¯c má»i ngÆ°á»i cÅ©ng biáº¿t bÃ  chá»§ Äáº¡i Nam, dá»± Ã¡n nÃ o thi cÃ´ng cÅ©ng nhanh.",2022-02-25 14:54:18
6826697040733884,https://facebook.com/6826697040733884,.,2022-02-25 14:54:18
6826655727404682,https://facebook.com/6826655727404682,.,2022-02-25 14:54:18
6827649610638627,https://facebook.com/6827649610638627,Bao lÃ¢u thÃ¬ á»•n nhá»‰,2022-02-25 18:54:18
6821457927924462,https://facebook.com/6821457927924462,Báº¡n ra phÃ²ng cÃ´ng chá»©ng lÃ m há»£p Ä‘á»“ng á»§y quyá»n giao sá»• Ä‘á»ƒ Ä‘i tÃ¡ch thá»­a,
6821461701257418,https://facebook.com/6821461701257418,"CÃ²n náº¿u ko yÃªn tÃ¢m cáº§m sá»• Ä‘i cÃ¹ng há» kÃ½ giáº¥y tá», há» lo Ä‘Æ°á»ng dÃ¢y cÃ²n mÃ¬nh trá»±c tiáº¿p kÃ½ nháº­n vá»›i nhÃ  nÆ°á»›c",
6821124951291093,https://facebook.com/6821124951291093,Báº¡n nÃªn cÃ³ 1 LS giÃºp báº¡n hoÃ n táº¥t cáº£,
6822858864451035,https://facebook.com/6822858864451035,.,
6827164517353803,https://facebook.com/6827164517353803,Mua cho thuÃª thÃ¬ OT lÃ  tá»· suáº¥t lá»£i nhuáº­n tá»‘t nháº¥t.,2022-02-25 16:54:34
6825554807514774,https://facebook.com/6825554807514774,"BÃ¡n cÄƒn 1 pn, chung cÆ° bá»™ cÃ´ng an, bÃ¬nh an, quáº­n 2, Ä‘Ã£ cÃ³ sá»•, giÃ¡ 2,35 tá»‰",2022-02-25 08:54:34
6825461810857407,https://facebook.com/6825461810857407,Nguyá»…n Quá»‘c Duy ğŸ˜,2022-02-25 08:54:36
6817042008366054,https://facebook.com/6817042008366054,Äá»£i Campuchia xong sÃ¢n bay Phnom Penh má»›i Ä‘Ã£ rá»“i cÃ¹ng nhau tá»± hÃ o ngáº¡o nghá»…,
6817296398340615,https://facebook.com/6817296398340615,"Há»“i táº¿t Thá»§ tÆ°á»›ng Ä‘Ã´n Ä‘á»‘c, ká»ƒ tá»« Ä‘Ã³ lÃ  dá»¯ dá»™i á»Ÿ Ä‘Ã³ láº¯m",
6818817378188517,https://facebook.com/6818817378188517,"ChÆ°a cÃ³ nhu cáº§u, cÃ¡c nÆ°á»›c cÃ²n Ä‘Ã³ng bÄƒng Ä‘Æ°á»ng bay, h xÃ¢y lÃªn thÃ¬ cáº§m lá»— trong tay máº¥t.",
6817296115007310,https://facebook.com/6817296115007310,Cháº¯c giá»‘ng Metro dÆ° kiáº¿n hÆ¡n 10 nÄƒm. ÄÆ°á»£c biáº¿t lÃ m Lá»… thuÃª xe 10tr 1 xe trÆ°ng bÃ y chá»© cÃ³ lÃ m Ä‘Ã¢u,
6817307918339463,https://facebook.com/6817307918339463,ThÃ´i Ä‘á»«ng bÃ n ná»¯a ğŸ¤£ hÃ£y ngá»“i xem áº£nh cháº¿,
6823213201082268,https://facebook.com/6823213201082268,Váº½ dá»± Ã¡n sÃ¢n bay Ä‘á»ƒ bÃ¡n Ä‘áº¥t vÃ  vay mÆ°á»£n quá»‘c táº¿ thÃ´i. Chá»© khÃ©o 2050 chÆ°a cháº¯c Ä‘Ã£ xong.,
6818324071571181,https://facebook.com/6818324071571181,Tiá»n vÃ o lÃ  xong ngay ! Cá»¥ há»“ chÆ°a cÃ³ thÃ¬ cÃ²n tá»« tá»« !,
6817318731671715,https://facebook.com/6817318731671715,Láº¥y Ä‘áº¥t sÃ¢n golf xung quanh Ä‘á»ƒ má»Ÿ rá»™ng sÃ¢n bay TÃ¢n SÆ¡n Nháº¥t thÃ¬ tiáº¿t kiá»‡m bnhiu $ ğŸ˜ğŸ˜ğŸ˜,
6817293701674218,https://facebook.com/6817293701674218,Cá»§ cáº£i thÃºi quáº¯c dÃ nh cho cÃ¡c con báº¡cğŸ˜œ,
6820444838025771,https://facebook.com/6820444838025771,Ä‘á»ƒ tháº±ng ACV lÃ m lÃ  Äƒn shit rá»“i,
6816951488375106,https://facebook.com/6816951488375106,báº¯t Ä‘áº§u hÃ¬nh hÃ i,
6816950498375205,https://facebook.com/6816950498375205,Cháº¯c 16 tá»i x3 lÃ  cÃ³ vÃ  x2 thá»i gian,
6816891608381094,https://facebook.com/6816891608381094,Äá»n bÃ¹ cho dÃ¢n cÃ²n chÆ°a xong ná»¯a thÃ¬ lÃ m cÃ¡i gÃ¬.,
6817176978352557,https://facebook.com/6817176978352557,LÃ¢u rá»“i má»›i láº¡i tháº¥y con gÃ  luá»™c ğŸ˜›,
6817390978331157,https://facebook.com/6817390978331157,Rá»“i ai Ä‘ang Ã´m Ä‘áº¥t thÃ¬ chá» hÆ¡i má»i má»‡t,
6817329298337325,https://facebook.com/6817329298337325,LÃ m gÃ¬ cÃ²n tiá»n mÃ  xÃ¢y ğŸ™‚,
6817065711697017,https://facebook.com/6817065711697017,LÃ m viá»‡c khÃ´ng cÃ³ timeline hay sao pháº£i Ä‘Ã´n Ä‘á»‘c? Y diá»…n tuá»“ng,
6821281801275408,https://facebook.com/6821281801275408,CÃ¡i hÃ¬nh xáº¥u xÃ­,
6817524718317783,https://facebook.com/6817524718317783,HoÃ n thÃ nh 80% rá»“i ad Æ¡i. Ngta xÃ¢y sÃ¢n bay ngáº§m lÃ²ng Ä‘áº¥t Ä‘áº¥y,
6817215975015324,https://facebook.com/6817215975015324,Nhanh nháº¥t pháº£i 10 nÄƒm ná»¯a má»›i lÃ m xong,
6819218394815082,https://facebook.com/6819218394815082,"ğŸŒ www.Sim99K .com ğŸ’
â˜„ Sim Tam Hoa - Tá»© QuÃ½ ğŸŒ¤
ğŸŒ Sim GiÃ¡ Ráº» ğŸ¥€
ğŸ„ Giao Sim Táº­n NÆ¡i - VÃ o TÃªn ChÃ­nh Chá»§ ğŸŒ¤
......
ğŸ”¥ 24/02/2022 ğŸŒª
ğŸƒ báº¥t Ä‘á»™ng sáº£n ğŸŒ¹ ğŸŒ™ nhÃ  Ä‘áº¥t ğŸŒ Ä‘á»“ gá»— ğŸ„ ná»™i tháº¥t ğŸŒ” m2 ğŸŒ kinh doanh â˜‚ buÃ´n bÃ¡n ğŸ’ giÃ¡ ğŸ”¥ ib ğŸŒº xe ğŸŒ¹ nhÃ  nghá»‰ ğŸŒ review ğŸŒ¾",
6821648647905390,https://facebook.com/6821648647905390,"ğŸŒŠ www.Sim99K .com ğŸŒ•
ğŸ’¦ Sim Tam Hoa - Tá»© QuÃ½ ğŸ’
ğŸŒº Sim GiÃ¡ Ráº» ğŸ”¥
â˜€ Giao Sim Táº­n NÆ¡i - VÃ o TÃªn ChÃ­nh Chá»§ ğŸŒ
......
ğŸŒŸ 24/02/2022 ğŸŒª
ğŸ„ báº¥t Ä‘á»™ng sáº£n ğŸ¥€ ğŸµ nhÃ  Ä‘áº¥t ğŸŒ¼ Ä‘á»“ gá»— ğŸŒ• ná»™i tháº¥t ğŸŒŸ m2 ğŸŒµ kinh doanh ğŸŒ› buÃ´n bÃ¡n ğŸµ giÃ¡ ğŸŒ› ib â›ˆ xe ğŸŒ· nhÃ  nghá»‰ ğŸŒ™ review ğŸ",
6820972864639635,https://facebook.com/6820972864639635,Äá»©c Tháº¯ng,
6810085782395010,https://facebook.com/6810085782395010,NÃªn Ä‘i 1 chuyáº¿n lÃªn rÃ¹i sáº½ cÃ³ cÃ¢u tráº£ lá»i thÃ´i bÃ¡c Æ¡i. Ngá»“i nghe va Ä‘á»c tin loÃ£ng láº¯m,
6816571518413103,https://facebook.com/6816571518413103,"Pháº£i tháº­t máº¡nh thÃ¬ má»›i dÃ¡m Ä‘áº§u tÆ°
https://
m.reatimes.vn/
lam-dong-uu-ai-c
ho-mot-ca-nhan-
chuyen-hang-chu
c-ngan-m2-dat-\-\
202012240000101
85.html",
6815715878498667,https://facebook.com/6815715878498667,vÃ¬ sao khÃ´ng pháº£i long thÃ nh mÃ  lÃ  báº£o lá»™c váº­y bÃ¡c Æ¡i,
6810172142386374,https://facebook.com/6810172142386374,"Cho em kÃ© Ä‘áº¥t em cÃ¡i nha
Máº·t tiá»n LÃª Anh XuÃ¢n, Lá»™c Thanh, Báº£o Lá»™c ~ 30m*62m, 270tr/m. ğŸ˜€",
6810905265646395,https://facebook.com/6810905265646395,Em cÃ³ hÆ¡n 40 lÃ´ sá»• sáºµn full thá»• cÆ°. Gáº§n tuyáº¿n cao tá»‘c luÃ´n. ğŸ˜ğŸ˜,
6826076907462564,https://facebook.com/6826076907462564,Äáº§u tÆ° nhÃ  phá»‘ Biá»ƒn Phan Thiáº¿t alo em áº¡,2022-02-25 11:56:44
6810221965714725,https://facebook.com/6810221965714725,náº¿u Ä‘áº§u tÆ° dÃ i háº¡n 5 10 nÄƒm thÃ¬ ok,
6816701088400146,https://facebook.com/6816701088400146,Äáº¥t Láº¡c DÆ°Æ¡ng 2 máº·t tiá»n. 3tr/m2,
6809652149105040,https://facebook.com/6809652149105040,Tran Hieu,
6810132282390360,https://facebook.com/6810132282390360,Tran Hieu IB,
6810187322384856,https://facebook.com/6810187322384856,Anh VÄƒn ok a alo mÃ¬nh nhÃ©,
6809787305758191,https://facebook.com/6809787305758191,MÃ¬nh tháº¥y cÃ³ dá»± Ã¡n 80mÂ² giÃ¡ 490tr. Sao ráº» tháº¿ cÃ¡c Báº¡n nhá»‰,
6810203919049863,https://facebook.com/6810203919049863,"âš ï¸âš ï¸âš ï¸ Äáº¤T Ná»€N NGHá»ˆ DÆ¯á» NG TP. Báº¢O Lá»˜C âš ï¸âš ï¸âš ï¸

ğŸ“ğŸ“ TÃŠN Dá»° ÃN: KHU NGHá»ˆ DÆ¯á» NG KIWUKI VILLAGE 2
ğŸ”œ Vá»Š TRÃ: Náº±m ngay Trung TÃ¢m TP. Báº£o Lá»™c
ğŸ”œ CSHT: ÄÃ£ hoÃ n thiá»‡n 80% Ä‘Æ°á»ng tráº£i nhá»±a, Ä‘iá»‡n nÆ°á»›c, há»‡ thá»‘ng cÃ¢y xanh Ä‘áº§y Ä‘á»§,â€¦
ğŸ”œ DIá»†N TÃCH: Äa dáº¡ng tá»« 150m2 Ä‘áº¿n 450m2
ğŸ’° GIÃ F1 CÄT chá»‰ tá»« 5 - 8TR/M2 tuá»³ vá»‹ trÃ­ tá»«ng lÃ´. Dá»° ÃN DUY NHáº¤T Táº I KHU Vá»°C CÃ“ Sá»” RIÃŠNG Tá»ªNG Ná»€N.
ğŸ”œ TIá»†N ÃCH: 4 máº·t DA lÃ  Ä‘Æ°á»ng nhá»±a dÃ¢n cÆ° hiá»‡n há»¯u, trong vÃ²ng bÃ¡n kÃ­nh 500m Ä‘áº§y Ä‘á»§ tiá»‡n Ã­ch nhÆ° UBND, Chá»£, SiÃªu thá»‹, TrÆ°á»ng há»c liÃªn cáº¥p, Bá»‡nh viá»‡n,â€¦
ğŸ”º Äáº·c biá»‡t náº±m trong lÃ²ng cÃ¡c cá»¥m KHU DU Lá»ŠCH: ChÃ¹a Linh Quy PhÃ¡p áº¤n, KDL Madagui, ThÃ¡c Äambri, Äá»“i GiÃ³, Äá»“i chÃ¨ TÃ¢m ChÃ¢u, Resort ÄÃ´i DÃ©p,â€¦
ğŸ‘‰ Thanh toÃ¡n 100% sang tÃªn cÃ´ng chá»©ng trong ngÃ y.
ğŸ‘‰ GiÃ¡ trá»‹ sinh lá»i 20% - 30% khi hoÃ n thiá»‡n xong CSHT.
ğŸ‘‰ PhÃ¹ há»£p Ä‘áº§u tÆ° lÆ°á»›t sÃ³ng mua Ä‘i bÃ¡n láº¡i
ğŸğŸ Äáº¥t ráº¥t Ä‘áº¹p view â€œTá»°A SÆ N HÆ¯á»šNG THUá»¶â€
âš ï¸âš ï¸ GiÃ¡ trá»‹ sinh lá»i cao phÃ¹ há»£p nghá»‰ dÆ°á»¡ng.
â˜ï¸â˜ï¸ LIÃŠN Há»†/ZALO: 0967957865 (CVKD - Yáº¿n Linh) Ä‘á»ƒ biáº¿t thÃªm thÃ´ng tin vÃ  há»— trá»£ tham quan dá»± Ã¡n thá»±c táº¿.",
6810836695653252,https://facebook.com/6810836695653252,Hoang An NhiÃªn bÃ¡n Kiwiki Village mÃ  Ä‘i post hÃ¬nh Sun Valley lÃ  sao? MÃ  bÃªn Anh Hiáº¿u PhÃº Má»¹ HÆ°ng lÃ m gÃ¬ cÃ³ Kiwuki Village 2 chá»‰ cÃ³ Sakura thÃ´i... spam quÃ¡,
6815714705165451,https://facebook.com/6815714705165451,"Äáº¥t Ná»n toáº¡ láº¡c TTHC Huyá»‡n Báº£o LÃ¢m
Chá»‰ tá»« 5tr/m2
Sá»” Há»’NG RIÃŠNG
DÃ¢n cÆ° hiá»‡n há»¯u - Ä‘Æ°á»ng 6-8m - cÃ¡ch 500m ubnd , chá»£ , trÆ°á»ng , homestay , cÃ¡c KDL ná»•i tiáº¿ng ,....
â˜0967957865 (zalo,phone)
LiÃªn há»‡ Yáº¿n Linh Ä‘á»ƒ biáº¿t thÃªm chi tiáº¿t",
6809167619153493,https://facebook.com/6809167619153493,"sao báº¡n ko tham kháº£o khu BÃ  Rá»‹a VÅ©ng TÃ u , khu Ä‘Ã³ tiá»m nÄƒng cao + thanh khoáº£n nhanh , cho báº¡n dá»… chá»n lá»±a , cáº§n tiá»n thÃ¬ 1 nÄƒm lÃ  bÃ¡n dc , cÃ²n ko cáº§n thÃ¬ Ä‘á»£i lÃºa chÃ­n lÃ  gáº·t",
6808225172581071,https://facebook.com/6808225172581071,Nguyá»…n Trang,
6818635058206749,https://facebook.com/6818635058206749,Tony HoÃ ng,
6826984504038471,https://facebook.com/6826984504038471,"láº¡i Äá»“ng Nai, sao cÃ¡c cá»¥ cáº£ ko nhÃºng tay vÃ o dáº¹p loáº¡n lÅ© cáº§m quyá»n táº¡i ÄN cho yÃªn dÃ¢n nhá»‰",2022-02-25 15:57:01
6826936887376566,https://facebook.com/6826936887376566,CÄƒn Há»™ Ven SÃ´ng MT Eastmark Gáº§n VinQ9 giÃ¡ 36tr/m2 Ä‘áº§u tÆ° giai Ä‘oáº¡n Ä‘áº§u liÃªn há»‡ em. 0369.139.465 PhÃºc,2022-02-25 15:57:10
6826897530713835,https://facebook.com/6826897530713835,Äang lÃ  bÃ£i Ä‘áº¥t trá»‘ng.,2022-02-25 15:57:22
6527836500619941,https://facebook.com/6527836500619941,Tuyá»‡t vá»i â™¥ï¸,2021-12-26 06:57:42
6527820990621492,https://facebook.com/6527820990621492,CÄƒn 3PN giÃ¡ sao Háº£i?,2021-12-26 06:57:44
6527862563950668,https://facebook.com/6527862563950668,Táº¡ Trung KiÃªn 25 tá»·,2021-12-26 06:57:45
6527803367289921,https://facebook.com/6527803367289921,"CÄƒn 1pn be bÃ© xinh xinh
KhÃ¡ á»•n",2021-12-26 06:57:48
6527804213956503,https://facebook.com/6527804213956503,KhÃ´ng sang ná»•i,2021-12-26 06:57:50
6528615890542002,https://facebook.com/6528615890542002,Há»“ bÆ¡i 30m mÃ  bÆ¡i gÃ¬ nhá»‰?,2021-12-26 06:57:51
6528692397201018,https://facebook.com/6528692397201018,Vo Thuong Dennis há»“ bÆ¡i dÃ i 30m ngang chÆ°a nÃ³i mÃ ,2021-12-26 06:57:52
6533811080022483,https://facebook.com/6533811080022483,"Má»›i check giÃ¡ thuÃª, tÃ­nh ra chÆ°a Ä‘Æ°á»£c 3% giÃ¡ bÃ¡n cá»§a chá»§ Ä‘Ã¢u tÆ° má»—i nÄƒm :v kÃ¨o nÃ y ai vay ngÃ¢n hÃ ng gá»“ng lÃªn chuá»™t luÃ´n",2021-12-26 06:57:52
6531277356942522,https://facebook.com/6531277356942522,ÄÆ°á»£c anh Háº£i Ä‘Ã¡nh giÃ¡ váº­y lÃ  á»•n rá»“i,2021-12-26 06:57:52
6527865943950330,https://facebook.com/6527865943950330,Dá»± Ã¡n Hoa lÃ¢m chÆ°a cÃ¡i nÃ o Ä‘c coi lÃ  ngon.,2021-12-26 06:57:52
6527800060623585,https://facebook.com/6527800060623585,LÃª LiÃªm,2021-12-26 06:57:52
6527840440619547,https://facebook.com/6527840440619547,"mÃ¬nh náº¯m cÄƒn 1,2,4PN Ä‘ang bÃ¡n bÃªn THE MARQ nÃ¨, báº¡n nÃ o cÃ³ khÃ¡ch há»£p tÃ¡c nha <3. KhÃ¡ch nÃ o muá»‘n mua liÃªn há»‡ em 0931295406",2021-12-26 06:57:53
6825481227522132,https://facebook.com/6825481227522132,Há»i tháº¡c sÄ© chá»‘t dc bn sp rá»“i má»›i lÃªn dáº¡y dc váº­y,2022-02-25 08:58:01
6826386497431605,https://facebook.com/6826386497431605,Há»c Ä‘á»ƒ cÃ³ cÃ¡i báº±ng Ä‘áº·ng xin viá»‡c mÃ´i giá»›i vÃ  náº¿u cÃ³ má»Ÿ cty bds cÅ©ng pháº£i cÃ³ báº±ng cáº¥p. NhÆ°ng váº«n pháº£i há»c há»i thÃªm ráº¥t nhiá»u tá»« nhiá»u nguá»“n kÃªnh khÃ¡c nhau nhÃ©!!,2022-02-25 12:58:02
6826703614066560,https://facebook.com/6826703614066560,CÄƒn Há»™ Ven SÃ´ng MT Eastmark Gáº§n VinQ9 giÃ¡ 36tr/m2 Ä‘áº§u tÆ° giai Ä‘oáº¡n Ä‘áº§u liÃªn há»‡ em. 0369.139.465 PhÃºc,2022-02-25 14:58:06
6826651907405064,https://facebook.com/6826651907405064,"HIá»†N Táº I EM THáº¤Y ÄÃCH Äáº¾N CUá»I CÃ™NG Cá»¦A NGÆ¯á»œI VIá»†T LÃ€ Sá» Há»°U NHIá»€U BÄS NHáº¤T CÃ“ THá»‚, NGAY Cáº¢ EM NGÃ€Y LÃ€M MÃ”I GIá»šI Tá»I Vá»€ MÆ  THáº¤Y MUA ÄÆ¯á»¢C CÄ‚N Há»˜ Táº I CÄƒn há»™ Astral City BÃ¬nh DÆ°Æ¡ng",2022-02-25 14:58:06
6826636600739928,https://facebook.com/6826636600739928,CÄƒn Há»™ Ven SÃ´ng MT Eastmark Gáº§n VinQ9 giÃ¡ 36tr/m2 Ä‘áº§u tÆ° giai Ä‘oáº¡n Ä‘áº§u liÃªn há»‡ em. 0369.139.465 PhÃºc,2022-02-25 13:58:30
6826380360765552,https://facebook.com/6826380360765552,Ká»‹ch báº£n tá»‘t Ä‘áº¥y,2022-02-25 12:59:09
6826427980760790,https://facebook.com/6826427980760790,Nguyá»…n Há»¯u Nghá»‹ Cm cÅ©ng gáº«y gá»n Ä‘áº¥y,2022-02-25 12:59:10
6818104841593104,https://facebook.com/6818104841593104,"BÃ  con xem cÃ³ tháº¥y con bÃ© HÆ°Æ¡ng trong nÃ y ko? ğŸ™‚ á»‘i giá»i Æ¡i Ä‘áº¥m ngá»±c bÃ¹m bá»¥p quyáº¿t tÃ¢m https://
www.youtube.com/
watch?v=3zszBsu0
uK8",
6826390660764522,https://facebook.com/6826390660764522,ÄÃ£ gá»¡ xong toÃ n bá»™ má»›i chuyá»ƒn nhÆ°á»£ng.,2022-02-25 12:59:13
6822895754447346,https://facebook.com/6822895754447346,Dá»± Ã¡n nÃ y vui nÃ¨ !,
6825826900820898,https://facebook.com/6825826900820898,.,2022-02-25 09:59:16
6821395847930670,https://facebook.com/6821395847930670,DA Ä‘ang chuyá»ƒn nhÆ°á»£ng 577 tá»· Ä‘Ã¢y Ã¡ háº£ báº¡n,
6821427644594157,https://facebook.com/6821427644594157,BÃ¹i Duy VÄ©nh TrÆ°á»ng 2 nÄƒm trc Ä‘Ã£ hÆ¡n 2000tá»·,
6826010910802497,https://facebook.com/6826010910802497,BÃ i nÃ y cháº¥t lÆ°á»£ng mÃ  tÆ°Æ¡ng tÃ¡c kÃ©m quÃ¡,2022-02-25 10:59:59
6823071381096450,https://facebook.com/6823071381096450,Hiá»‡p QuÃ½ ÄoÃ n,
6825336017536653,https://facebook.com/6825336017536653,CÃ¢u bÃ¬nh thÆ°á»ng nha,2022-02-25 08:00:14
6823475681056020,https://facebook.com/6823475681056020,QuÃ¡ Ä‘áº¹p !!!,
6825983564138565,https://facebook.com/6825983564138565,giÃ¡ sÃ n bÃªn nÃ y sao r ae,2022-02-25 11:00:23
6825994740804114,https://facebook.com/6825994740804114,Máº¡nh DÅ©ng Ä‘Ã¢y nha anh.cÃ³ khÃ¡ch ib em,2022-02-25 11:00:24
6825995100804078,https://facebook.com/6825995100804078,"Máº¡nh DÅ©ng Cho thuÃª :

Full :

1. ThuÃª TÃ²a Linden :
1pn : 19 - 23 triá»‡u
2pn : 20 - 30 triá»‡u
3pn : 35 - 45 triá»‡u

HTCB :

1pn : 15 triá»‡u - 19 triá»‡u
2pn : 20 - 25
3pn : 28 - 35

2. BÃ¡n toÃ n Linden :
Ko Nt

1pn : 6.3 - 6.7tá»·
2pn : 8 - 9 tá»·
3pn : 13.5

Full

1PN : 7 - 8
2PN : 10,5 tá»·
3PN : 15.

Tillia :
ThuÃª
Full

1pn : 19 triá»‡u
2pn : 22 triá»‡u
3pn : 38 triá»‡u

NTCB :
1pn : 18 triá»‡u
2pn : 21 triá»‡u
3pn : 35 triá»‡u

BÃ¡n
NhÃ  trá»‘ng

NTCB
1pn : 7,1 tá»·
2pn : 10,5 tá»·
3pn : 16 - 20 tá»·

Full NT
1pn: 7.5 - 8,8 tá»·
2pn : 9,5 - 15 tá»·
3pn : 17 - 34 tá»·",2022-02-25 11:00:24
6820989737971281,https://facebook.com/6820989737971281,Tiá»n nÃ o cá»§a náº¥y,
6821471891256399,https://facebook.com/6821471891256399,"Cháº¥t nhÆ° ngÆ°á»i Ä‘Ã£ mua , vÃ  chuáº©n bá»‹ mua ğŸ˜Œ",
6823467984390123,https://facebook.com/6823467984390123,.,
6823133471090241,https://facebook.com/6823133471090241,.,
6826004220803166,https://facebook.com/6826004220803166,"GiÃ¡ thá»‹ trÆ°á»ng dÃ nh cho ace cáº§n.cÃ³ khÃ¡ch ib hay call em há»£p tÃ¡c : 0915 169 060 , zalo 094 546 8057 Cho thuÃª :

Full :

1. ThuÃª TÃ²a Linden :
1pn : 19 - 23 triá»‡u
2pn : 20 - 30 triá»‡u
3pn : 35 - 45 triá»‡u

HTCB :

1pn : 15 triá»‡u - 19 triá»‡u
2pn : 20 - 25
3pn : 28 - 35

2. BÃ¡n toÃ n Linden :
Ko Nt

1pn : 6.3 - 6.7tá»·
2pn : 8 - 9 tá»·
3pn : 13.5

Full

1PN : 7 - 8
2PN : 10,5 tá»·
3PN : 15.

Tillia :
ThuÃª
Full

1pn : 19 triá»‡u
2pn : 22 triá»‡u
3pn : 38 triá»‡u

NTCB :
1pn : 18 triá»‡u
2pn : 21 triá»‡u
3pn : 35 triá»‡u

BÃ¡n
NhÃ  trá»‘ng

NTCB
1pn : 7,1 tá»·
2pn : 10,5 tá»·
3pn : 16 - 20 tá»·

Full NT
1pn: 7.5 - 8,8 tá»·
2pn : 9,5 - 15 tá»·
3pn : 17 - 34 tá»·",2022-02-25 11:00:29
6824077504329171,https://facebook.com/6824077504329171,Khu vá»±c trá»ng Ä‘iá»ƒm nÃªn hy vá»ng Ä‘áº§u tÆ° nhanh,
6825708007499454,https://facebook.com/6825708007499454,Cáº£nh Ä‘áº¹p quÃ¡,2022-02-25 10:01:48
6821325611271027,https://facebook.com/6821325611271027,"VÃ£i biá»‡t thá»± trÃªn nÃºi Ä‘Ã²i hÆ¡n 51 tá»·, cÃ³c mua.. .láº¡i lÃ¹a gÃ  thá»•i tiáº¿p",
6820884034648518,https://facebook.com/6820884034648518,Ai cÅ©ng pháº£i lÃªn rá»«ng hÃ­t nhá»±a thÃ´ng thÃ´i :v,
6817449804991941,https://facebook.com/6817449804991941,Biá»ƒn nÃºi gÃ¬ cÅ©ng chÆ¡i háº¿t,
6818088934928028,https://facebook.com/6818088934928028,Ngon,
6817697434967178,https://facebook.com/6817697434967178,Há»! Chiá»u má»›i khoe hÃ¹n mua cÃ¡i Ä‘áº£o! Rá»“i cÃ¡i Ä‘áº£o nhÆ° nÃ o ad cÃ³ áº£nh hÆ°á»Ÿng gÃ¬ ko! Kkk! Náº¿u ko lÃ  áº¥m rá»“i hen kkk,
6817676601635928,https://facebook.com/6817676601635928,Linh Le,
6818404701563118,https://facebook.com/6818404701563118,"Theo mÃ¬nh ko pháº£i lÃ  bá» mÃ  hiá»‡n cÃ¡i gÃ¬ cÃ³ Ä‘Ã£ lÃ m rá»“i, giá» chuyá»ƒn qua thá»‹ trÆ°á»ng khÃ¡c",
6821298287940426,https://facebook.com/6821298287940426,"CÄƒn há»™ máº·t tiá»n Ä‘Æ°á»ng Nguyá»…n Bá»‰nh KhiÃªm sÃ¡t chá»£ Ä‘Ã´ng hoÃ  giÃ¡ chá»‰ 1,5 ty thanh toÃ¡n linh hoáº¡t chá»‰ vá»›i 500tr Ä‘Ã£ sá»Ÿ há»¯u cÄƒn há»™
LiÃªn há»‡ 0923108482 Ä‘á»ƒ Ä‘Æ°á»£c há»— trá»£",
6821235677946687,https://facebook.com/6821235677946687,"ğŸŒ³ www.Sim99K .com â˜€
â›„ Sim Tam Hoa - Tá»© QuÃ½ ğŸŒ¤
â„ Sim GiÃ¡ Ráº» ğŸƒ
â˜˜ Giao Sim Táº­n NÆ¡i - VÃ o TÃªn ChÃ­nh Chá»§ ğŸŒ•
......
ğŸ 24/02/2022 â˜‚
ğŸŒ™ báº¥t Ä‘á»™ng sáº£n ğŸŒ™ ğŸ’« nhÃ  Ä‘áº¥t ğŸŒ Ä‘á»“ gá»— ğŸŒŸ ná»™i tháº¥t ğŸ’¥ m2 ğŸ‹ kinh doanh ğŸ€ buÃ´n bÃ¡n ï¸ğŸ’§ giÃ¡ ğŸ‚ ib ğŸŒ xe ğŸŒ¸ nhÃ  nghá»‰ â›ˆ review ğŸŒŸ",
6820720771331511,https://facebook.com/6820720771331511,VÄƒn HoÃ ng,
6816990258371229,https://facebook.com/6816990258371229,lÃ  dá»± Ã¡n nÃ o tháº¿ b,
6814845508585704,https://facebook.com/6814845508585704,"LiÃªn há»‡ nÃ³i sale há»i vÃ i Ä‘iá»u cÆ¡ báº£n vÃ  nhá» gim cho cÃ¡i vá»‹ trÃ­ dá»± Ã¡n.
- ÄÃºng tháº­t á»Ÿ BC thÃ¬ rÃ  xuá»‘ng xem thá»­. Náº¿u cÃ³ thÃ¬ giÃ¡ Ä‘Ã³ lÃ  15-30%
- CÃ²n náº¿u tour du lá»‹ch thÃ¬ ko cÃ³ cÃ¡i gim nÃ o cáº£.",
6821299861273602,https://facebook.com/6821299861273602,"CÄƒn há»™ máº·t tiá»n Ä‘Æ°á»ng Nguyá»…n Bá»‰nh KhiÃªm sÃ¡t chá»£ Ä‘Ã´ng hoÃ  giÃ¡ chá»‰ 1,5 ty thanh toÃ¡n linh hoáº¡t chá»‰ vá»›i 500tr Ä‘Ã£ sá»Ÿ há»¯u cÄƒn há»™
LiÃªn há»‡ 0923108482 Ä‘á»ƒ Ä‘Æ°á»£c há»— trá»£",
6818722458198009,https://facebook.com/6818722458198009,Chá»‹ Alo sÄ‘t trÃªn kÃªu mang giáº¥y tá» qua NhÃ  cá»c ngay 100 lÃ´ chá»‹ nhÃ©!!!,
6813237222079866,https://facebook.com/6813237222079866,GiÃ¡ tour du lá»‹ch cÃ¡c tá»‰nh miá»n Ä‘Ã´ng,
6813212375415684,https://facebook.com/6813212375415684,GiÃ¡ 30% Ä‘Ã³. CÃ²n 70% lÃ  voi ngÃ¢n hÃ ng ğŸ˜Œ,
6815129825223939,https://facebook.com/6815129825223939,Bá»‹p nha mn,
6813337875403134,https://facebook.com/6813337875403134,Äi tour tráº£i nghiá»‡m. Nhá»› Ä‘em tiá»n Ã­t thÃ´i,
6813178425419079,https://facebook.com/6813178425419079,Tá»± tráº£i nghiá»‡m sáº½ cÃ³ cÃ¢u tráº£ lá»i cho báº£n thÃ¢n,
6816404291763159,https://facebook.com/6816404291763159,"CaÌt tÆ°Æ¡Ì€ng phuÌ hÆ°ng , 5x21 full thÃ´Ì‰ cÆ° 1ty4 liÃªn hÃªÌ£ 0788898867",
6815099568560298,https://facebook.com/6815099568560298,ChÃºc má»«ng báº¡n sáº¯p cÃ³ chuyáº¿n du lá»‹ch Ä‘i vá» trong ngÃ y,
6812891302114458,https://facebook.com/6812891302114458,Ã”i.!!! :v :v,
6815364385200483,https://facebook.com/6815364385200483,Long an máº¥y dá»± Ã¡n to ná»n nhÃ  phá»‘ Ä‘Ã£ tiá»n tá»‰ rá»“i chá»© Ä‘á»«ng nÃ³i Ä‘áº¥t tp giÃ¡ vÃ i trÄƒm :)),
6815707251832863,https://facebook.com/6815707251832863,"Äáº¥t Ná»n toáº¡ láº¡c TTHC Huyá»‡n Báº£o LÃ¢m
Chá»‰ tá»« 5tr/m2
Sá»” Há»’NG RIÃŠNG
DÃ¢n cÆ° hiá»‡n há»¯u - Ä‘Æ°á»ng 6-8m - cÃ¡ch 500m ubnd , chá»£ , trÆ°á»ng , homestay , cÃ¡c KDL ná»•i tiáº¿ng ,....
â˜0967957865 (zalo,phone)
LiÃªn há»‡ Yáº¿n Linh Ä‘á»ƒ biáº¿t thÃªm chi tiáº¿t",
6815150158555239,https://facebook.com/6815150158555239,GiÃ¡ nÃ y mÃ  nÃ³ nÃ³i á»Ÿ Long An cÃ²n khÃ´ng cÃ³ nÃ³i gÃ¬ máº·t tiá»n An PhÃº TÃ¢y,
6825250764211845,https://facebook.com/6825250764211845,.,
6823236711079917,https://facebook.com/6823236711079917,BÃ¬nh chÃ¡nh giá» 35-40 tr /m2 rá»“i Ä‘ang tÄƒng lÃªn lÃ m gÃ¬ cÃ²n giÃ¡ Ä‘Ã³,
6821374157932839,https://facebook.com/6821374157932839,"á»§a á»§a, rá»“i stt nÃ y anh em vÃ´ quáº£ng cÃ¡o zá»‹ Ã¡ háº£ >? á»§a alo",
6815673118502943,https://facebook.com/6815673118502943,á»¦a á»§a alo,
6814906461912942,https://facebook.com/6814906461912942,ko cÃ³ giÃ¡ nÃ y,
